theta_1,theta_2
90.0,90.00090000000002
89.97189642166573,90.00089999752966
89.88758578262208,90.00089982524601
89.74706893868883,90.00089801491465
89.55034920914562,90.00088887446731
89.29743521462453,90.00085762293487
88.98834484476008,90.00077358830583
88.62311034451122,90.00058148669257
88.20178449684973,90.0001908198052
87.7244478624365,89.99946345608652
87.19121701301493,89.99819950060873
86.60225366393577,89.99612161106451
85.95777457245619,89.99285798212954
85.25806202299036,89.98792429712846
84.50347467013695,89.98070503169029
83.69445845812363,89.97043458439065
82.83155728569474,89.95617879759199
81.91542304409698,89.93681750913643
80.94682462929285,89.91102883200087
79.926655524735,89.877275883668
78.8559395741777,89.83379666977612
77.73583461943808,89.7785977601157
76.56763376703945,89.7094522761598
75.35276416750217,89.62390254088525
74.09278333439866,89.51926753321257
72.78937318564148,89.39265505689922
71.44433214225518,89.2409782978873
70.05956575439701,89.06097622769826
68.63707642617645,88.84923713488314
67.17895286893032,88.60222444842381
65.6873599213336,88.31630396563301
64.16452933434313,87.98777161321243
62.61275203540881,87.61288094613907
61.03437226989788,87.18786971091478
59.431783880941026,86.70898494959862
57.80742884495492,86.1725062803032
56.163798040535454,85.57476714166584
54.503434102212694,84.91217392011653
52.82893610347635,84.18122298115084
51.142965728124345,83.37851569564681
49.44825452528706,82.50077159013485
47.747611799391166,81.5448397597495
46.04393265856605,80.50770867057905
44.340205729667474,79.38651445190602
42.639520041120214,78.17854774673377
40.94507057211441,76.88125915965671
39.260161964303,75.49226332331146
37.58820988583914,74.00934160729359
35.93273952265267,72.43044352591765
34.29738064262349,70.75368697373437
32.68585862763766,68.97735754180849
31.101980787319967,67.09990735678645
29.54961714509067,65.1199541545205
28.032674708221304,63.036281668941044
26.55506398298971,60.84784290585252
25.12065615795106,58.5537685019703
23.73322894074939,56.15338315978165
22.396398496706652,53.64623410366027
21.113534327033754,51.03213659607904
19.88765331840429,48.311242696142756
18.721288760827537,45.4841404337746
17.616330177393593,42.55199102217573
16.573830852333767,39.516710972924045
15.593782743254327,36.3812030019312
14.674863976571402,33.14963310708237
13.814173243915816,29.827739862462764
13.00697833590577,26.423145343305716
12.246521204477661,22.945616946538955
11.523934853917492,19.40721132491351
10.82833040284784,15.82222559871313
10.147097363688795,12.206898233147431
9.466422714853113,8.57884796814852
8.771981688941656,4.956305371701001
8.04970422376111,1.3572537025012037
7.286497922237599,-2.201375035799629
6.47082263383825,-5.704321619515167
5.59305605409698,-9.13836827041486
4.645643166438543,-12.49245168094165
3.6230642817369936,-15.757569491583842
2.5216769286066705,-18.92655302267232
1.33948765729982,-21.993777515498355
0.07589881841993039,-24.95486499876007
-1.2685393927032436,-27.80641472037017
-2.6923546780631495,-30.545778475897713
-4.193349001782172,-33.17088564500454
-5.768764524907583,-35.68011523556886
-7.415421279037487,-38.07220855403745
-9.129830038710203,-40.34621493844919
-10.908284016240705,-42.501463231613606
-12.746932601906128,-44.53755260258886
-14.641839756503407,-46.45435750072328
-16.589029027582196,-48.252042705402694
-18.58451660212306,-49.931085497059115
-20.62433336787728,-51.49230286910104
-22.704536645649227,-52.93688240583066
-24.821212077422484,-54.266415958055035
-26.970466111761983,-55.48293554494921
-29.148409624189803,-56.58895098109662
-31.351133457564462,-57.58748854955173
-33.574677079790455,-58.48212959351128
-35.81499214231764,-59.27704717082886
-38.06790347367835,-59.97703792777912
-40.32907091225643,-60.587545177786616
-42.5939562689981,-61.11466797798894
-44.85780043804964,-61.56515004667654
-47.115615993294576,-61.946342022296506
-49.36220023486852,-62.26613124102171
-51.59217233432508,-62.53283524812129
-53.80003587664144,-62.75505876760942
-55.980264889277606,-62.94151854471122
-58.127407887793915,-63.10084558426712
-60.236201317087925,-63.24137871053106
-62.30168183707427,-63.370965896532745
-64.31928675948892,-63.49678965330187
-66.28493367994636,-63.62522983747665
-68.19507352830452,-63.76177221237532
-70.04671507638041,-63.91096519309822
-71.83742252053806,-64.07642172201655
-73.56529043472423,-64.2608591364388
-75.2289018658704,-64.46616764507459
-76.8272756678835,-64.6934975425996
-78.35980862347485,-64.9433561375184
-79.82621684810819,-65.21570699986925
-81.22647973732936,-65.51006605309902
-82.56078854455549,-65.82559087757599
-83.82950069437742,-66.16116115506826
-85.03310019507794,-66.51544938490892
-86.17216400593912,-66.88698184938424
-87.24733390332638,-67.27419034942594
-88.25929322800926,-67.67545553958556
-89.20874784006828,-68.08914282973512
-90.09641061975158,-68.51363184615921
-90.92298890442012,-68.94734040012135
-91.68917432320869,-69.38874382889722
-92.39563456901345,-69.83639047384622
-93.04300672381875,-70.28891395577749
-93.63189182375095,-70.74504280753956
-94.16285041257534,-71.20360793152001
-94.63639888614395,-71.66354826722575
-95.05300647597129,-72.12391498146233
-95.4130927585581,-72.58387443010987
-95.71702560942178,-73.04271008492464
-95.96511954820359,-73.49982356980284
-96.1576344448606,-73.95473490711161
-96.29477457789595,-74.40708203464445
-96.37668805482052,-74.85661961620187
-96.40346662346681,-75.30321713254614
-96.37514592117981,-75.74685620346567
-96.29170622796963,-76.18762705499117
-96.15307380997615,-76.62572400769662
-95.95912296144347,-77.06143982201138
-95.70967887697357,-77.49515869444069
-95.40452151092703,-77.9273476549333
-95.043390606784,-78.35854607147535
-94.62599210471429,-78.78935292548769
-94.15200615825478,-79.2204114843179
-93.62109700736981,-79.65239097042581
-93.03292496029036,-80.08596481840549
-92.38716072366222,-80.5217851310205
-91.68350228114126,-80.96045300692637
-90.92169444456881,-81.40248453100331
-90.1015510784695,-81.84827240956372
-89.22297981807691,-82.29804351200366
-88.28600885748811,-82.75181295698799
-87.2908150797458,-83.20933585277407
-86.23775244911359,-83.67005834701756
-85.12737921920339,-84.1330702151851
-83.9604821804101,-84.59706174293966
-82.738095945751,-85.06028803402864
-81.46151523435489,-85.52054398430107
-80.13229832765784,-85.97515289721908
-78.75226038572548,-86.42097101215285
-77.32345610779649,-86.85440908585697
-75.84815222294185,-87.27147071916826
-74.32879136180748,-87.6678055568511
-72.76794981052457,-88.038774065853
-71.16829231165549,-88.379519566941
-69.5325273362295,-88.68504273439515
-67.86336607246689,-88.950273944952
-66.16348781860714,-89.17013957634654
-64.43551365647501,-89.33961945180096
-62.68198937618524,-89.45379387723256
-60.9053777667828,-89.50787991242801
-59.10805968804589,-89.49725750069382
-57.292342847946514,-89.4174867717209
-55.460476932769346,-89.26431821654971
-53.614673642705746,-89.03369754835482
-51.757130227437365,-88.72176697153746
-49.89005524326039,-88.32486435386348
-48.01569542154026,-87.839521494384
-46.1363627145502,-87.2624623519901
-44.25446074758514,-86.59060177883839
-42.37251004442014,-85.82104500942683
-40.49317150322099,-84.95108789973082
-38.61926768360843,-83.97821769498317
-36.753801527380865,-82.90011392931864
-34.89997218128604,-81.71464892419604
-33.061187626012654,-80.41988725398112
-31.241073846063266,-79.01408348606837
-29.443480303443767,-77.49567748070994
-27.672481504839055,-75.86328655542206
-25.93237447471616,-74.11569388576248
-24.227671959242706,-72.25183263647943
-22.563091176641922,-70.27076550637622
-20.94353788073915,-68.17165964410206
-19.374085389601976,-65.95375727620723
-17.859948012713655,-63.616342921508405
-16.406447935569346,-61.158708804037744
-15.018974018111315,-58.58012110413496
-13.702930037019478,-55.87979112316813
-12.463668528228114,-53.056857446107564
-11.306404418213164,-50.110387977692405
-10.236099922454587,-47.03941453632107
-9.257308653513393,-43.843017695842015
-8.373962656143684,-40.52048569973317
-7.589081851183988,-37.07157779230052
-6.904382923960186,-33.49692701520366
-6.319767824226882,-29.798615530869466
-5.832687372269842,-25.9809380459546
-5.437412068313294,-22.051323419463145
-5.124307357797302,-18.021300261610513
-4.87929840057163,-13.907275310465556
-4.683784032552941,-9.7307893719629
-4.515250674577315,-5.517917839915197
-4.348677597711449,-1.2976822943092248
-4.158534894043998,2.900285907723949
-3.920906260401697,7.048238195834176
-3.61520793260819,11.122286626700902
-3.2251690262070403,15.103450203158044
-2.739043718821341,18.977749531292037
-2.1492538349084866,22.735620603324403
-1.4517315001487723,26.371001384513548
-0.6451845708773662,29.88037494422741
0.2695806980861959,33.26193303732955
1.2902223857695954,36.514922655547295
2.413302376735505,39.63917610289955
3.634617457774198,42.634796799000426
4.949444448081509,45.501965406561396
6.352721160255794,48.24083334940278
7.839181207919842,50.85147684035689
9.403456286670588,53.3338909592562
11.040155647144873,55.68800884440608
12.74392937924657,57.91373539005906
14.509519824544444,60.01098808212619
16.331803799155498,61.9797399791928
18.20582718993969,63.82006157997741
20.126832746276857,65.53215959466652
22.090281417867036,67.1164115918342
24.091867301102567,68.57339622004486
26.127526089322405,69.90391926773043
28.193436829831544,71.10903626786836
30.2860167414115,72.19007270028844
32.40190882097638,73.14864310640522
34.53796195943217,73.98667061001233
36.69120329889122,74.70640842315636
38.85880261331853,75.31046488421948
41.038028614024434,75.8018333861552
43.22619731727713,76.18392814798854
45.420613025290486,76.46062608651519
47.61850313405646,76.63631397277548
49.816948955463964,76.71593853657838
52.01281605492817,76.70505519211953
54.20268920646062,76.60986869502828
56.382818763264524,76.43725659866358
58.54908665261287,76.19476441241358
60.697000753714995,75.8905607000704
62.82172543156703,75.53334193948488
64.91815293631142,75.13218153214707
66.98101516755065,74.69632494542782
69.00502865539505,74.23494251583838
70.985059049951,73.75686071053654
72.91628687716545,73.27029884966407
74.79435539354351,72.78263919936296
76.6154845219295,72.3002533514322
78.37654114939949,71.82839831594575
80.07506360467458,71.37118457583259
81.70924485443437,70.93160847033053
83.27788345562023,70.51163471927624
84.78031314361358,70.11231227495365
86.21632152448797,69.73390738824135
87.58606649728442,69.37604058428883
88.88999660830738,69.03781791008402
90.12877916919508,68.71795040547987
91.30323801047469,68.41485873251813
92.41430131505321,68.12676209052736
93.46295905494547,67.8517519819274
94.45022904184852,67.58785221721044
95.3771303831278,67.33306692531374
96.24466310642079,67.08541841956088
97.05379279841634,66.84297667860734
97.80543924025254,66.60388202088185
98.50046817718312,66.3663623350766
99.1396855123582,66.1287460115093
99.72383335259245,65.8894715176354
100.25358745318013,65.64709438379352
100.72955570831843,65.40029221467312
101.15227741473801,65.14786821697363
101.52222310088196,64.88875363165332
101.83979476488453,64.62200937681949
102.10532640407502,64.34682714143624
102.31908474892718,64.06253011762416
102.48127013713957,63.768573517778165
102.59201748040553,63.46454498981906
102.65139728866586,63.15016501778764
102.65941672523616,62.825287374190665
102.61602067196152,62.48989967380498
102.52109278710671,62.144124065059884
102.37445654053809,61.78821808385764
102.17587621130012,61.42257568510447
101.92505783226595,61.04772845876726
101.62165006543647,60.66434702946547
101.2652449899466,60.27324263101875
100.85537878318182,59.87536883956539
100.39153227391377,59.4718234403858
99.87313134539028,59.06385039388145
99.29954716630996,58.65284185463068
98.67009622915774,58.24034018325244
97.98404017924052,57.82803987289262
97.24058542496883,57.417789289087764
96.43888253184441,57.01159209166842
95.57802542107312,56.61160816769935
94.65705042117072,56.22015385182392
93.67493526062687,55.83970114026236
92.63059814593979,55.4728755111393
91.52289714776188,55.12245183899236
90.3506302257573,54.79134772524853
89.11253636921533,54.48261334665258
87.80729852663876,54.199416635055584
86.4335492563225,53.945022227625955
84.98988036487947,53.72276214931749
83.4748582232609,53.53599559629205
81.88704696408556,53.38805447932674
80.22504235651935,53.282170586875594
78.48751977735675,53.2213794178758
76.67330023989737,53.208395085333024
74.7814386980936,53.24545051793508
72.81133846466147,53.334098005820366
70.76289405286491,53.474967704448176
68.63666141884757,53.667486972411425
66.43404881596771,53.909572263546586
64.15751305732431,54.19731798362687
61.8107357500566,54.52472196539014
59.398744595361535,54.8835011620279
56.92794065206805,55.263057156955675
54.40599879386341,55.65064143476676
51.84162848516221,56.031740628167555
49.244212702128095,56.39065618784372
46.623374589853896,56.71120536702981
43.98854128834763,56.97744010976107
41.3485734556197,57.17428046024921
38.71150833048022,57.28798835828519
36.084433569657314,57.30645201906486
33.47348084334461,57.219292655558
30.883910396045305,57.01783206949512
28.3202520723373,56.69496897511916
25.786471572930534,56.2450080598789
23.2861383902126,55.66347520919432
20.82258027414395,54.946940397798585
18.39901612965538,54.09285955990696
16.018664263527242,53.09943938957917
13.684826014992057,51.96552439369717
11.400946476419472,50.690503030518016
9.170654725239569,49.27422875224715
6.997786136374446,47.71695168135091
4.886389192006469,46.01925709995548
2.84071890932953,44.182007676626846
0.8652186415681351,42.206287260971905
-1.0355084100139247,40.09334508600795
-2.8567371279308693,37.84454032670026
-4.5936676279673945,35.46128820676882
-6.241482220075102,32.94501029704262
-7.795413888780617,30.29709341494062
-9.25082951775745,27.518863757306946
-10.603333109075047,24.611585739394567
-11.84889685161382,21.57649860948738
-12.984031018967528,18.414908267026654
-14.006006966267817,15.128356471508997
-14.91314996428535,11.718893625047636
-15.70521814737915,8.189481872428248
-16.38387663949744,4.544547356848776
-16.953256259239083,0.790676332875148
-17.420548005871076,-3.0625992243873097
-17.796526490979055,-7.002057722143551
-18.09583085142561,-11.010305407562985
-18.336797375353814,-15.065826659968247
-18.54068721533477,-19.143782502076025
-18.730314525416727,-23.217567016803372
-18.928306872518824,-27.260837065415235
-19.155394075276913,-31.24951461675601
-19.42911099307208,-35.16327305463064
-19.7631212826229,-38.98625036606537
-20.167142839238217,-42.70702444809098
-20.647303763125674,-46.31807828915847
-21.206719448247743,-49.81502587375009
-21.84612213630376,-53.19581112857422
-22.56444075531554,-56.460002972929296
-23.359286237042674,-59.608234751426444
-24.227334371177058,-62.64178982015312
-25.16461680939293,-65.56231291436464
-26.16673738605744,-68.37162028091142
-27.22903110414988,-71.07158281323727
-28.34668062981921,-73.66406075345628
-29.514801945569566,-76.15087339914565
-30.7285078406053,-78.53379158812515
-31.982955484441117,-80.81454420883061
-33.27338247273631,-82.99483261535025
-34.5951343776372,-85.07634875520081
-35.943685874760575,-87.0607942051005
-37.31465685681268,-88.94989829646893
-38.70382449815725,-90.74543420923688
-40.1071319422466,-92.44923240231128
-41.52069409758061,-94.06319109105972
-42.94080091342396,-95.58928371838337
-44.36391843929989,-97.02956352576773
-45.78668793493968,-98.38616543484873
-47.20592327786199,-99.66130551324989
-48.618606905902624,-100.85727833142171
-50.02188452641891,-101.97645252788942
-51.413058819146855,-103.02126489473908
-52.78958235379242,-103.99421327808223
-54.149049935358235,-104.89784856340114
-55.48919057955957,-105.73476598613449
-56.80785930749685,-106.50759597607079
-58.10302893329839,-107.21899471204385
-59.37278200112165,-107.87163453261813
-60.615303009146295,-108.46819432008671
-61.82887103844588,-109.01134995001966
-63.011852884297255,-109.50376487733296
-64.16269676695342,-109.94808091266204
-65.27992667850707,-110.34690922973805
-66.36213740252758,-110.70282163527978
-67.40799022396855,-111.01834212724381
-68.41620932872237,-111.29593876457439
-69.3855788754493,-111.53801587119784
-70.31494070724368,-111.74690659816685
-71.20319265762761,-111.92486586979147
-72.04928739456946,-112.07406374152485
-72.85223173796432,-112.19657919858578
-73.6110863804706,-112.29439442419567
-74.32496593887528,-112.36938956442934
-74.99303926325354,-112.42333801276096
-75.61452993397154,-112.45790223136859
-76.18871688180243,-112.4746301182916
-76.71493507371437,-112.47495191996688
-77.19257621577286,-112.46017767801592
-77.62108943452989,-112.43149518806284
-77.99998190866148,-112.3899684375435
-78.3288194328741,-112.33653647964495
-78.60722690567788,-112.27201269237013
-78.83488874104353,-112.19708436583345
-79.01154921084607,-112.11231255769668
-79.13701273009947,-112.01813215641579
-79.21114410018515,-111.91485209477248
-79.23386872658851,-111.80265566190444
-79.20517282722209,-111.6816008704496
-79.12510364548102,-111.55162084605797
-78.99376967908431,-111.41252421885042
-78.81134093190273,-111.26399550978616
-78.57804919179813,-111.105595518656
-78.2941883334406,-110.9367617338509
-77.9601146415562,-110.75680879649478
-77.57624714746355,-110.56492906236244
-77.14306797039696,-110.36019331370518
-76.66112265520472,-110.14155167927012
-76.13102049967179,-109.90783482415779
-75.5534348679474,-109.6577554715997
-74.92910349124017,-109.38991031629952
-74.25882876284061,-109.10278238386762
-73.54347804130146,-108.79474388343316
-72.78398398281865,-108.46405959119808
-71.98134493101765,-108.10889079204425
-71.13662539893394,-107.7272997948984
-70.2509566834572,-107.31725502597257
-69.32553765639211,-106.87663669274957
-68.36163577814507,-106.40324300109917
-67.36058837953284,-105.89479689848801
-66.32380425408903,-105.34895330803194
-65.25276559739366,-104.76330681112687
-64.14903032136075,-104.1353997304264
-63.01423476018225,-103.46273055973352
-61.85009677093401,-102.74276268256908
-60.65841921595465,-101.97293331636284
-59.44109379632358,-101.1506626139795
-58.200105186421524,-100.27336284831249
-56.93753539899555,-99.33844759874123
-55.65556828868544,-98.34334085033636
-54.35649407986689,-97.28548590803297
-53.0427137821169,-96.16235401910714
-51.71674333367179,-94.9714525890856
-50.38121728982055,-93.71033287003078
-49.03889184889224,-92.37659699783856
-47.69264698264348,-90.9679042592534
-46.34548740922303,-89.48197648299539
-45.00054211360444,-87.91660247690062
-43.66106207964123,-86.26964147967158
-42.33041584570714,-84.53902566859328
-41.01208242665932,-82.72276187218596
-39.70964105103806,-80.81893279046712
-38.42675703399784,-78.82569823956446
-37.16716293066829,-76.74129722979393
-35.93463387578126,-74.5640520790132
-34.73295569539942,-72.2923762819472
-33.56588395682784,-69.92478852925971
-32.437091588509055,-67.45993612269302
-31.350102050979906,-64.89663207647331
-30.308204300586166,-62.23391140778611
-29.314345046242536,-59.4711134057298
-28.37099324799338,-56.60799780007059
-27.479971807609967,-53.64490327512591
-26.642252567333554,-50.58295590195347
-25.857713974935557,-47.42433158476436
-25.12486724258479,-44.172568960241705
-24.44056757831247,-40.83291582287289
-23.79974225042626,-37.4126726430625
-23.19518475658852,-33.92147355210298
-22.617478467936134,-30.37142555708574
-22.055114399186035,-26.777022981386295
-21.49484649305098,-23.154779189814672
-20.922281134770497,-19.52257580552218
-20.32263658921055,-15.898806886041902
-19.681556884900683,-12.30146051020323
-18.98584808482372,-8.747300708343362
-18.224031342192372,-5.251277769784794
-17.386662635238316,-1.8262232844117223
-16.466427487901473,1.517187943126195
-15.458059054018237,4.770276316559881
-14.35814277028102,7.926079614197333
-13.164865733521845,10.97903306672307
-11.877753996301395,13.924660238466052
-10.497424480938424,16.759305230214437
-9.025364759443706,19.479918991512104
-7.4637448702865345,22.08390090221806
-5.815260174095505,24.568990417556826
-4.083001897977686,26.933200906023448
-2.270351415396847,29.174787393628463
-0.3808946503082612,31.292240700843568
1.5816462437815022,33.28430175052672
3.613465902204718,35.149991257953
5.710714605478483,36.888651394532076
7.869523402950421,38.49999725252479
10.086015377207849,39.98417698010259
12.35630254524762,41.34184026118177
14.676467725400823,42.57421532055095
17.04253079753971,43.683194745223965
19.45039923431704,44.671429989122835
21.89580369895421,45.542433295796634
24.37422101755398,46.30068375315955
26.880789032981482,46.9517311699821
29.41022070466474,47.5022875088844
31.956728063210228,47.960291158959755
34.51396961876054,48.33492535398688
37.07503649205563,48.63657010789628
39.63249154617791,48.876669078926184
42.17847098602098,49.067500403184994
44.70484900907035,49.221854007347
47.20345445983424,49.35263515534035
49.66631704062767,49.472430559259756
52.08591318791246,49.59308382717163
54.45538104211377,49.725327287510275
56.76868042791305,49.87850683818245
59.02068515308084,50.06041886443752
61.20720743305065,50.27725911575617
63.324964332605475,50.533667965943636
65.3715018545844,50.832847576888895
67.34509362016202,51.17672427566979
69.24462915288966,51.56613219977288
71.06950317415145,52.0009996229641
72.81951337684346,52.480525338953164
74.49477070040994,53.00333778034674
76.09562353741579,53.567633626063895
77.62259558387177,54.171295435247
79.07633605799448,54.811989533096465
80.45758055811196,55.48724624391582
81.76712072594675,56.19452488708906
83.00578098161672,56.93126593754231
84.17440079945132,57.69493255728644
85.27382123367762,58.48304342979603
86.30487464185578,59.293198535173474
87.26837677170764,60.123099224629414
88.16512056533806,60.97056370345322
88.9958711922143,61.83353881744548
89.76136195066701,62.71010885797163
90.46229078078386,63.59850195172809
91.09931721358546,64.49709447821022
91.67305964642307,65.40441385580363
92.18409288637454,66.31913995177803
92.63294594531557,67.24010529817559
93.02010010509912,68.16629423116558
93.34598730122,69.09684101296597
93.6109889003838,70.03102694052197
93.81543497305613,70.96827639189696
93.9596041874624,71.90815170840355
94.0437244773281,72.85034675708768
94.06797466207117,73.79467896419146
94.03248722469898,74.74107955649886
93.9373524779786,75.6895816960763
93.78262437107378,76.64030614855442
93.56832820286786,77.59344409154403
93.29447050896292,78.54923665639964
92.96105136922613,79.5079508146203
92.56807933213474,80.46985128394897
92.11558905992604,81.43516825525624
91.60366165325648,82.40406094674978
91.03244740625487,83.37657729147534
90.40219046858985,84.35261046423928
89.71325455686578,85.33185344704145
88.9661484854002,86.31375338737105
88.16154991841937,87.29746806166193
87.30032544529209,88.28182722619995
86.38354492688633,89.26530190527713
85.41248813591588,90.24598461222011
84.38864207883908,91.22158303057788
83.31368805743207,92.18942877147595
82.18947845420288,93.14650153424402
81.01800428582125,94.08946749840665
79.80135558860336,95.01472931072654
78.54167749374487,95.91848386647247
77.24112526999728,96.7967834336258
75.90182159082906,97.64559563528262
74.52581885177418,98.46085835567744
73.11506863412797,99.23852661794082
71.67139954057035,99.97460968008122
70.19650377359737,100.66519779002107
68.6919321096437,101.30647905899447
67.15909640762699,101.89474765688621
65.59927849472453,102.4264049780374
64.01364416942762,102.89795560191145
62.4032611055391,103.30599984103866
60.769119578277845,103.64722449889013
59.11215511773581,103.9183932162759
57.433272389032986,104.11633751561924
55.733369778013625,104.23794939083585
54.013364312184876,104.28017605484189
52.27421666284729,104.24001725413223
50.51695605549945,104.11452539017894
48.742704964362964,103.90080854606812
46.9527034876694,103.59603639736001
45.14833329820276,103.19744888184223
43.3311410435813,102.70236740754027
41.50286103779206,102.10820828717226
39.66543704423475,101.41249799680133
37.82104290550247,100.61288976493472
35.972101730765864,99.70718090548843
34.12130331237645,98.69333021507214
32.271619413624954,97.56947466444915
30.42631655390508,96.33394452936876
28.588965920091393,94.98527603165071
26.76345005758411,93.52222050228872
24.953966044331523,91.94374903938578
23.16502492823364,90.24905161954267
21.401447313127928,88.4375296357342
19.66835510947318,86.50878088046318
17.971159618688137,84.46257607154472
16.315546287443937,82.29882612960179
14.707456638621684,80.01753956119929
13.153068042613615,77.61876948059533
11.658772112879129,75.10255002145286
10.231152560280378,72.46882216158515
8.876963274358136,69.71734934012092
7.603107146132663,66.84762374916907
6.416615598795977,63.858764945383754
5.324627781298355,60.74941365280905
4.33436663706464,57.517625663321745
3.453106157935717,54.16077416317599
2.688119398274042,50.67547456210184
2.0465892326633757,47.0575554373316
1.5354519509002456,43.302114650560696
1.1611258856930542,39.403723704724186
0.9290522603770942,35.35687809505976
0.8429456229306236,31.15683471763662
0.9036291515996316,26.801013853488094
1.1073514858536213,22.2911260627792
1.443619054372266,17.636015360115305
1.892923108094428,12.854760067365756
2.4252858477737407,7.9788403081956245
3.000951427205958,3.0516159698679246
3.5741033651581224,-1.876092322649689
4.098906687834158,-6.753446478382942
4.535551340037575,-11.537032008167847
4.85397370072852,-16.19527193624349
5.034554503193178,-20.70894351438569
5.0666737143315705,-25.069006887873563
4.946446906218461,-29.273502365485673
4.674566529211047,-33.32470710127331
4.254626659056751,-37.22700933965087
3.69196484414465,-40.98550849851523
2.992917563227624,-44.60518059219589
2.164364548372566,-48.09043144958166
1.2134593607568727,-51.44489669048921
0.147473452134812,-54.671390721675166
-1.026294028393055,-57.771941656401296
-2.3005705012476545,-60.747873011597115
-3.668146196753025,-63.59990842325008
-5.121902644347586,-66.32828510547441
-6.6548389180869885,-68.93286748868893
-8.260098215611023,-71.41325587283032
-9.930995584865673,-73.76888696259468
-11.661046591774408,-75.99912439170929
-13.443996175503601,-78.10333813724222
-15.273846697157248,-80.08097227261698
-17.144884143743475,-81.93160092032518
-19.051701529403417,-83.65497260042457
-20.989218689733587,-85.25104345621344
-22.95269785625439,-86.7200000846055
-24.937754599924496,-88.06227290804655
-26.94036392528878,-89.27854119661536
-28.956861466044348,-90.36973098252356
-30.983939868651216,-91.33700720545112
-33.01864054695537,-92.18176148914462
-35.058341044563875,-92.90559698281558
-37.100738252345415,-93.51031171224494
-39.14382769738557,-93.99788188328914
-41.185879050194906,-94.37044657283658
-43.22540789386443,-94.63029523598041
-45.261143669258985,-94.7798594569569
-47.29199356451472,-94.82171037351003
-49.317001970422254,-94.75856319939778
-51.335304999046656,-94.59329023442054
-53.34607949631606,-94.32894364388574
-55.34848602187144,-93.96878904355891
-57.341605493206124,-93.51635044595405
-59.32436968921999,-92.97546628332539
-61.295486687578105,-92.35035487736477
-63.253363667472605,-91.64568574615082
-65.19603138233319,-90.86665048053398
-67.12107689489947,-90.01902373580538
-69.02559352979652,-89.10920165614911
-70.9061587763361,-88.1442027092193
-72.75885110823522,-87.13161579432503
-74.57931434708276,-86.07948402105652
-76.36287265941829,-84.99612056345093
-78.10469092956653,-83.88986487040174
-79.79996585482068,-82.76880071384687
-81.44412550207585,-81.6404680578039
-83.03301205401453,-80.51160459675806
-84.56302543076414,-79.3879481789353
-86.03121352186058,-78.27411953649514
-87.43530516917475,-77.17358973865848
-88.77369157170949,-76.08872317774187
-90.04536812469355,-75.02087795852084
-91.24985113666384,-73.9705422701064
-92.38708303611357,-72.93748670940036
-93.45733689267696,-71.9209166966107
-94.46112763099848,-70.91961421098931
-95.39913411499235,-69.9320627776512
-96.27213377680685,-68.9565533105325
-97.08094975912987,-67.99127092215267
-97.82640953301959,-67.03436429366717
-98.50931347176727,-66.08399991322257
-99.13041172884684,-65.13840369242256
-99.690387841967,-64.19589236779689
-100.18984766355067,-63.2548968354746
-100.62931243470591,-62.31397924929984
-101.00921503635008,-61.37184539214547
-101.32989864767792,-60.42735353674374
-101.59161721038033,-59.47952075842693
-101.79453723541886,-58.527527450283294
-101.93874059972691,-57.57072061871415
-102.02422806644714,-56.60861639924215
-102.05092332811779,-55.640902123040654
-102.01867742128985,-54.667438178625915
-101.92727339663718,-53.688259845703506
-101.77643115343116,-52.703579225273906
-101.56581236348997,-51.713787348524654
-101.2950254191317,-50.71945651419375
-100.96363034363192,-49.72134287800041
-100.57114360228334,-48.72038929691334
-100.11704274822,-47.71772841437876
-99.600770830371,-46.71468595939982
-99.02174048180538,-45.71278422204589
-98.37933759579622,-44.713745660273155
-97.67292448461265,-43.71949658770251
-96.90184240277974,-42.73217088916138
-96.06541330279774,-41.75411371031998
-95.16294067761366,-40.78788506956361
-94.19370933112955,-39.83626334413469
-93.1569839065105,-38.90224858808659
-92.05200599306812,-37.989065645828816
-90.87798962745055,-37.10016703045584
-89.63411500573685,-36.23923553807948
-88.31952023262326,-35.41018656396421
-86.93329095631454,-34.61717006710742
-85.47444777909287,-33.864572087435484
-83.94193140297483,-33.157015639572045
-82.33458558116781,-32.49936066759045
-80.65113812002582,-31.896702514164385
-78.89018044425661,-31.354367987533042
-77.05014664725655,-30.877907530812063
-75.12929356826325,-30.473081108792808
-73.1256843697693,-30.145834082343733
-71.03717947523916,-29.902257338688187
-68.86144076046224,-29.748523022608122
-66.59595780676956,-29.690783054224784
-64.23810905546289,-29.735011927647054
-61.78527595267335,-29.88676798308711
-59.23503429858799,-30.150839033014556
-56.58545258578195,-30.530731099843603
-53.83552852721043,-31.027958433049225
-50.985785093694375,-31.6411093109621
-48.03901503408044,-32.36471140120944
-45.0010964207582,-33.18801891094235
-41.881701729681076,-34.093989694163575
-38.69462379467996,-35.0588628627878
-35.45742454672051,-36.05276868799909
-32.19026525843763,-37.041575278665576
-28.91409328224504,-37.98971192204542
-25.64866953694572,-38.863254858925345
-22.41099790432068,-39.63244468913698
-19.214503897080522,-40.27311177831907
-16.068975373237155,-40.766972886540756
-12.981039696317927,-41.10111420678388
-9.954891308809575,-41.26707165851528
-6.9930469084497,-41.25983392634393
-4.09700384959831,-41.07695405951367
-1.2677568271459485,-40.717840499449395
1.4938256523263602,-40.1832297362072
4.186743443782412,-39.47481196408702
6.80969942016079,-38.59497295060587
9.361002939576048,-37.546617948456316
11.838523173956489,-36.33304986472702
14.239678033025053,-34.95788067977409
16.561448241077006,-33.424960980046635
18.80040895950996,-31.738317136190165
20.952773339646022,-29.902089224595965
23.01444375618371,-27.920465479650236
24.98106742336024,-25.797611099165938
26.84809381467868,-23.537590798022613
28.610831943320118,-21.144285775114703
30.264506243824936,-18.62130687192771
31.80431064945178,-15.971906810686358
33.225461617554814,-13.198895692624449
34.52325248151137,-10.304565661195891
35.69311381785193,-7.290633132470517
36.73068779458908,-4.158210725248609
37.631929054634995,-0.9078265612076133
38.39325091225201,2.460483452872602
39.01174355901291,5.94697410549189
39.485499763815675,9.55183134343715
39.81409022179191,13.274595212184149
39.99922793791199,17.113306418745015
40.04563467692093,21.06334880274812
39.96205201700944,25.116050253904763
39.76220941066672,29.257277222496626
39.465393680187624,33.466487176103996
39.09615998475398,37.71685530280802
38.682851537463065,41.976938461828894
38.255037689325015,46.21376122247368
37.840534633001894,50.39647101646173
37.46291971551409,54.49937534974263
37.14017190249914,58.50353868187865
36.884509403945366,62.396857168567834
36.70306827583356,66.173087759386
36.59895658171148,69.8304420697098
36.572332402883646,73.37019651693089
36.621323300906845,76.79554327967377
36.742733097693886,80.11073878443293
36.932550352504855,83.32051977315773
37.18629809483362,86.42972774847819
37.499266671003376,89.44308270630836
37.86666483382631,92.36505806102751
38.28371556188467,95.19982133249508
38.7457154170945,97.95121595915634
39.24807031186422,100.62276773094555
39.78631627797751,103.21770506979463
40.35613086740038,105.7389862770105
40.95333881565535,108.18932944435736
41.57391427088986,110.57124240547955
42.21398102144465,112.88705118617415
42.869811590603746,115.13892610200908
43.53782570614271,117.32890508756535
44.21458842496536,119.4589141135953
44.896808053340926,121.53078471538971
45.58133392037986,123.54626875553156
46.265154016122004,125.50705060130821
46.945392482526344,127.41475692691985
47.61930693687157,129.27096436318942
48.28428560675184,131.07720521908576
48.937844260155316,132.83497149406008
49.5776229205706,134.54571739055893
50.20138236411682,136.21086052378803
50.80700040239107,137.8317820119577
51.39246796053995,139.4098256155718
51.955884964736974,140.94629607932865
52.49545605671268,142.44245681523637
53.00948615528793,143.8995270508632
53.49637588611888,145.31867855243152
53.95461690123542,146.70103201886982
54.38278710961674,148.0476532300651
54.77954583917736,149.35954902048994
55.14362894930435,150.63766313817737
55.473843911648515,151.88287203872179
55.76906487536875,153.09598065462714
56.02822773158156,154.27771817192573
56.250325190480055,155.428733838562
56.43440188354586,156.54959282259088
56.579549502555196,157.64077213278276
56.68490198673612,158.70265660977515
56.74963076951694,159.73553499247353
56.772940096857155,160.7395960620093
56.754062430207725,161.71492486423685
56.69225394873899,162.66149901153622
56.58679016763068,163.57918506563
56.43696169196741,164.46773500528275
56.24207012914916,165.32678278618943
56.001424186732834,166.1558410051538
55.714335987283604,166.95429768687205
55.380117637143144,167.7214132193454
54.99807809200805,168.4563174732005
54.56752036883163,169.158007151028
54.08773916075737,169.82534342525824
53.55801891946891,170.45704993701494
52.977632477349445,171.0517112436946
52.34584028996971,171.60777181947836
51.66189038736991,172.12353573023714
50.925019129975645,172.5971671218284
50.13445287128486,173.0266916779047
49.2894106340581,173.40999921915048
48.389107908885904,173.74484762918814
47.432761682825316,174.028868301864
46.41959680032223,174.2595733086193
45.34885374783642,174.43436448136572
44.219797936432045,174.55054459378923
43.03173053214517,174.60533080037428
41.784000851453406,174.5958704559119
40.476020298253836,174.51925938744745
39.107277769509096,174.3725626247998
37.67735639991177,174.15283751512268
36.18595145311533,173.8571590528758
34.63288910076214,173.48264715186045
33.01814576411934,173.02649547509483
31.34186763088234,172.4860013272928
29.604389906555383,171.8585960110365
27.80625532101693,171.14187495986548
25.948231391529145,170.33362689829008
24.031325947954976,169.4318612485565
22.056800457415545,168.4348330138098
20.02618074533839,167.3410644217171
17.941264796873753,166.14936271302997
15.804127433642867,164.85883360366225
13.617121790062626,163.4688901304275
11.382877653448789,161.97925679983058
9.10429687378298,160.38996918359152
6.784546182925602,158.70136932946525
4.427047879920626,156.91409756645473
2.0354689306421436,155.0290814654877
-0.38629091025089185,153.04752285767486
-2.834111323945115,150.97088390264383
-5.303663383682729,148.8008732324298
-7.790420683661238,146.53943316831538
-10.289669177013467,144.1887289179389
-12.79651539152399,141.7511405093372
-15.305892857687963,139.22925801066862
-17.81256677895005,136.625880324106
-20.31113719273644,133.9440175364102
-22.79604110563356,131.18689646568004
-25.26155432663145,128.35796867530922
-27.701793955218854,125.46091984779034
-30.110722688709462,122.49967904328477
-32.48215627359679,119.47842603728267
-34.80977551330776,116.40159467055072
-37.0871442317164,113.27386998986013
-39.30773445152567,110.10017694822983
-41.46495975813615,106.88565860366916
-43.55221737326264,103.63564213043507
-45.5629388659694,100.3555915433002
-47.49064871162037,97.05104681455873
-49.329029125066306,93.72754998666497
-51.07198881826553,90.39055987154607
-52.71373265325832,87.0453578778196
-54.24882866895836,83.69694830509445
-55.67226873021598,80.34995698209265
-56.97951912610048,77.00853231946526
-58.166557836669064,73.67625265700347
-59.2298958543252,70.35604321659913
-60.16658080806538,67.05010508403083
-60.97418209011713,63.75985752999511
-61.6507576086169,60.48589375951937
-62.19480307940717,57.227948963851716
-62.60518534014761,53.98487843480972
-62.881061467548705,50.754642549148656
-63.02178548302912,47.53429466023924
-63.02680415034012,44.319967327172435
-62.895542826043815,41.106851815033956
-62.62728155396322,37.88916533855735
-62.221020632087225,34.66010000656107
-61.67533375706815,31.411746770321784
-60.98820560526332,28.134986822509603
-60.15684941136943,24.819341836473548
-59.17749892827528,21.45277333582635
-58.04516852234844,18.021420858902907
-56.75337610454125,14.509269773933404
-55.29382851452091,10.897745824788142
-53.65608332457573,7.165252182608058
-51.827237032819895,3.2867127531980667
-49.791773845577794,-0.7667003962641833
-47.53189609001643,-5.0272212886670165
-45.02904213908434,-9.528558147947512
-42.26797592623067,-14.30045640692616
-39.24557685605161,-19.356766760063007
-35.985643737286736,-24.675077260472012
-32.55465386913255,-30.174719588814035
-29.061708286313245,-35.7162584883089
-25.62894456113429,-41.141617927798215
-22.350825118667906,-46.3296646698932
-19.27589419163933,-51.220973571393344
-16.415130075997943,-55.806172395907154
-13.758485622701738,-60.1032786929405
-11.287373741041012,-64.14078637457122
-8.98140108053892,-67.94869964551972
-6.821315711509572,-71.5547333679553
-4.790019461250356,-74.98311481118022
-2.8727195108712698,-78.25451529361104
-1.0567445447588952,-81.38640228359719
0.668740123780735,-84.39350156225761
2.3130217421339108,-87.28824565560055
3.8840984114498562,-90.0811667142429
5.3888974273918295,-92.78122602576758
6.833454967059871,-95.39608521677788
8.223061915919734,-97.93232808842502
9.562381272195013,-100.39564230137505
10.855542124086586,-102.79096910558559
12.106214427122184,-105.12262796486507
13.317668026944943,-107.39442162998935
14.492818692810078,-109.60972608576448
15.634263381588813,-111.77156885023756
16.74430654060222,-113.88269831250177
17.82497896785861,-115.94564612298872
18.87805056470948,-117.9627840624923
19.90503822216708,-119.93637628657488
20.907210060564037,-121.86862735385887
21.88558727277,-123.76172599532198
22.840944879751028,-125.61788417522152
23.77381276516733,-127.43937065333614
24.684478380335147,-129.2285380138779
25.572992468328334,-130.98784201540536
26.439179015799528,-132.71985217322631
27.282650382580442,-134.42725273439146
28.1028281781587,-136.1128336468766
28.89896996848041,-137.7794717303927
29.670201347523466,-139.4301029651151
30.415552357045442,-141.06768753715284
31.133996756886848,-142.69516991155655
31.82449230649877,-144.31543664520103
32.48602006790062,-145.9312748283121
33.11762080391441,-147.5453339220542
33.71842681164888,-149.16009335730428
34.28768795631143,-150.77783763897094
34.824791188858235,-152.40063995478675
35.32927336894697,-154.03035452229494
35.80082770444323,-155.6686172182203
36.2393045097963,-157.31685349087138
36.64470725016813,-158.97629219603417
37.01718497131701,-160.6479838246962
37.35702223043599,-162.33282158547254
37.66462756579064,-164.0315639280323
37.94052140334524,-165.74485730207255
38.18532412600203,-167.47325819727914
38.39974485031799,-169.21725376830298
38.58457128481606,-170.97728058977145
38.74066089477572,-172.753741294239
38.86893347631812,-174.5470190136341
38.97036514886049,-176.35748967139602
39.045983707753145,-178.18553226149382
39.09686523456367,-180.03153730754545
39.12413183676468,-181.8959137268271
39.128950377232194,-183.7790943364698
39.112532053099685,-185.68154023828265
39.076132689888134,-187.60374430915667
39.02105362786937,-189.54623400961634
38.94864309138962,-191.50957370659097
38.86029794701434,-193.4943666898511
38.75746577194911,-195.50125704615127
38.64164716970114,-197.53093154178384
38.51439828510172,-199.58412165349145
38.37733348553713,-201.66160587977262
38.23212818959969,-203.7642124596743
38.08052183852741,-205.8928226242461
37.92432101996596,-208.04837450696974
37.7654027680114,-210.23186784372496
37.60571807844414,-212.44436960031217
37.44729569381571,-214.68702067639424
37.29224622986332,-216.96104384918814
37.142766732838645,-219.26775313866492
37.0011457769317,-221.60856479878848
36.86976923213764,-223.98501016686808
36.75112685557589,-226.39875063579106
36.64781988305649,-228.85159505195284
36.562569821726704,-231.34551988490335
36.49822866719589,-233.8826925620617
36.45779078646451,-236.4654984107626
36.44440671569051,-239.09657169510055
36.46139910967996,-241.7788312664495
36.51228103158374,-244.51552134578063
36.60077665889118,-247.31025789036318
36.73084425878591,-250.1670808101758
36.90670087401278,-253.0905118920609
37.132847428673465,-256.0856174938981
37.414091693665505,-259.1580736005861
37.75556438297015,-262.31422820652386
38.16271999615328,-265.5611514067478
38.641307944256425,-268.9066557509398
39.19728958272943,-272.359256355461
39.83666109861279,-275.92801919817094
40.56511872737893,-279.62221383745805
41.38747116381572,-283.45064239535816
42.30667085270484,-287.4204679163371
43.32232637257418,-291.5353451815681
44.42863477232075,-295.7927497450798
45.611940548173095,-300.1807509172467
46.848658947120164,-304.6751863571296
48.1048950009014,-309.2390081299285
49.33905300424602,-313.8255455012739
50.507381800735736,-318.38563150510157
51.57039397816342,-322.87584391219974
52.4974124101789,-327.26420205709263
53.26792602905792,-331.53160434392
53.87039149399974,-335.66991971179345
54.29992983284413,-339.678704864603
54.5560433719419,-343.5620452090746
54.64084766982582,-347.32615153298485
54.55788191164224,-350.97776667673816
54.31138392536006,-354.5232086271148
53.905886189741786,-357.9678468806437
53.34601479745565,-361.3158506842031
52.63640849967875,-364.57009928105896
51.78170396261283,-367.7321853261956
50.786553633095004,-370.8024705599109
49.65565573150118,-373.7801703465212
48.39378408191165,-376.66345410378744
47.0058105439215,-379.4495545591889
45.496715954985966,-382.1348819277165
43.871587503023335,-384.7151406303076
42.13560179277161,-387.18544675549185
40.29399381445239,-389.5404445369384
38.35201271597348,-391.77441994266235
36.31486579411218,-393.88140921591946
34.187652489112516,-395.85529998075185
31.97529040399273,-397.68992239490797
29.68243548105194,-399.37912784120414
27.313398462697087,-400.91685281949196
24.8720596604615,-402.2971660497137
22.361783889320364,-403.51429733613276
19.78533725118972,-404.5626475004217
17.14480736179585,-405.4367797256945
14.4415287485987,-406.1313940858514
11.67601572207096,-406.6412890949335
8.847906382266917,-406.9613172117109
5.955924113472882,-407.08634607991496
2.9978678028641843,-407.0112450273573
-0.029349590547792393,-406.73092877410437
-3.1295807323904734,-406.24050993512736
-6.307187179464146,-405.53564165205944
-9.56656142335459,-404.613172966168
-12.911307816826598,-403.4722864518964
-16.342941042324316,-402.1163130095657
-19.859004002835093,-400.55534972390694
-23.450711446956294,-398.80950719081665
-27.100688124558083,-396.91194932709715
-30.781990981627885,-394.9100113993079
-34.45981232463313,-392.8624104953467
-38.096258289157475,-390.83202530928554
-41.656598821761705,-388.87659382535094
-45.11421387221321,-387.0413462387176
-48.45245982951139,-385.3561424746478
-51.6637228469421,-383.8367395313897
-54.74707566602171,-382.48814758881764
-57.70581239790916,-381.3082240435564
-60.54548921550675,-380.29057811463065
-63.272592476140694,-379.4265898290577
-65.89372680931743,-378.7066834772965
-68.41516648916465,-378.1210730739158
-70.84263724301985,-377.6601677293813
-73.18123488357689,-377.3147710603969
-75.43542065574387,-377.0761618324012
-77.60905677843273,-376.93610953142326
-79.70546083356344,-376.8868567502336
-81.72746693517429,-376.9210867512058
-83.67748711205829,-377.0318864264678
-85.55756952251245,-377.2127100705457
-87.36945192527457,-377.45734659278
-89.1146098291982,-377.7598912111639
-90.79429927777498,-378.11472179348283
-92.40959449454833,-378.5164795518685
-93.96142073890232,-378.9600535788099
-95.45058276608208,-379.4405686332074
-96.8777892889008,-379.95337558330476
-98.24367382274386,-380.4940439533245
-99.5488122717181,-381.0583560811753
-100.7937375880324,-381.64230246323893
-101.97895181171549,-382.242077931743
-103.10493577464842,-382.8540783764677
-104.17215673180874,-383.47489778327304
-105.18107416338147,-384.1013254160718
-106.13214397363784,-384.73034301603224
-107.02582129585528,-385.3591219319946
-107.86256209675311,-385.9850201296667
-108.64282375872551,-386.60557905457654
-109.36706480342745,-387.21852034559373
-110.03574390594005,-387.8217424126876
-110.64931833479453,-388.41331690510725
-111.2082419395894,-388.9914851049521
-111.71296279483968,-389.5546542867545
-112.16392059610408,-390.1013940867477
-112.5615438924018,-390.63043292646586
-112.90624722750172,-391.1406545346474
-113.19842825187877,-391.63109460949823
-113.4384648570054,-392.1009376605571
-113.62671237418292,-392.5495140659814
-113.76350087130437,-392.97629737728795
-113.84913257274978,-393.3809018996453
-113.88387942000023,-393.76308057187634
-113.8679807834657,-394.12272316654264
-113.80164132938418,-394.4598548269341
-113.68502903939337,-394.7746349545738
-113.51827337441826,-395.06735645802974
-113.30146356877249,-395.3384453714605
-113.03464703474944,-395.58846084945645
-112.71782785238783,-395.8180955434128
-112.35096531344587,-396.0281763639365
-111.93397248281472,-396.21966563367806
-111.46671473455733,-396.3936626355579
-110.94900821338528,-396.5514055626598
-110.38061816560335,-396.69427387816336
-109.76125707628404,-396.8237910966313
-109.09058254162296,-396.9416280018034
-108.36819479702754,-397.049606320807
-107.59363381249617,-397.14970288036164
-106.76637585729061,-397.2440542770415
-105.88582942590483,-397.3349621007693
-104.9513304071254,-397.42489875803767
-103.96213636798306,-397.51651394820357
-102.91741981533336,-397.6126418513866
-101.8162602908503,-397.71630908813626
-100.65763515226082,-397.83074350609655
-99.44040889768034,-397.95938383268174
-98.16332090562592,-398.10589019798704
-96.82497149800668,-398.27415546757254
-95.42380629848648,-398.46831721317994
-93.95809897163285,-398.69276996464265
-92.42593261618492,-398.9521770883924
-90.82518038977899,-399.2514811668713
-89.1534864248691,-399.5959110187234
-87.40824884933629,-399.9909823687138
-85.58660788608913,-400.4424874564679
-83.685443764979,-400.9564662960795
-81.70139179077457,-401.5391485138958
-79.63088567029712,-402.19684929640295
-77.47024536829642,-402.93579564514306
-75.21583231892166,-403.76184995087726
-72.86430194066159,-404.6800881483635
-70.41298841675236,-405.6941833507757
-67.86045350696733,-406.80555176403817
-65.2072087509521,-408.0122516640208
-62.456564235732266,-409.30770901584447
-59.615458667766625,-410.6794865563606
-56.69500521173008,-412.1084867749455
-53.710419341415275,-413.56907641657256
-50.68008922860021,-415.03048218025447
-47.62385201205361,-416.4593683625416
-44.560914653564275,-417.822962727868
-41.508039890155004,-419.0918294494352
-38.47846173802832,-420.2416067813363
-35.48163548918524,-421.25354220423407
-32.52362381381427,-422.114097315679
-29.60781174289401,-422.81405783664223
-26.735692718608394,-423.347519344447
-23.9075741394256,-423.71097032689323
-21.12314293317971,-423.90256272990905
-18.381887455725554,-423.921579210149
-15.683396840420517,-423.7680690624597
-13.027565154072404,-423.44261421211417
-10.414725286646648,-422.94618878114125
-7.8457322446298,-422.2800822801223
-5.322010190267401,-421.44586347732434
-2.845573188242142,-420.4453679626062
-0.41902638174914225,-419.28069704101694
1.9544479060136182,-417.95421901317786
4.27111607538426,-416.468566405548
6.526728924045871,-414.8266245700218
8.716565273072124,-413.0315084884098
10.835481863683219,-411.0865257409064
12.877967808418582,-408.9951245243039
14.838201762432996,-406.7608263927955
16.71010985347426,-404.38714407467506
18.487422338850685,-401.8774853144618
20.163727008342676,-399.235044228008
21.732517593287344,-396.4626821841164
23.187235961439523,-393.562800827456
24.52130779945878,-390.5372106926698
25.72817300380762,-387.38700020346795
26.801314429307876,-384.1124121640943
27.734292488896983,-380.7127388853513
28.5207991577208,-377.18625403064124
29.154754403640467,-373.5302109034329
29.63048253595409,-369.7409556589949
29.94302702119594,-365.81423242924404
30.088689952549615,-361.7457963668345
30.065910562675654,-357.5324931549531
29.876604287604387,-353.17398162382716
29.528017939194665,-348.67519995244885
29.034930673939,-344.04938539023937
28.421580542009796,-339.32085708051324
27.72216691598277,-334.5260431698085
26.978717676126823,-329.71111057325925
26.236142034882903,-324.9258985773282
25.536062842166977,-320.2162180465491
24.91193503705646,-315.6178074352616
24.387010128902748,-311.15398076513753
23.974933798231113,-306.83664987935833
23.68175263304601,-302.6690839709882
23.50818200740068,-298.64890242272025
23.451519136320872,-294.7705212256963
23.50703292302832,-291.0268665651463
23.66888605648044,-287.41045576967974
23.930710011201157,-283.91402099611196
24.285946458725817,-280.5308331999979
24.72804060707612,-277.2548418358436
25.2505445941269,-274.0807069171477
25.847168253498868,-271.0037714987274
26.51180036653493,-268.0200036346602
27.238514332952523,-265.125924886903
28.021566438385012,-262.31853515498636
28.85539135745571,-259.59523923927435
29.734597383477862,-256.9537779940402
30.65396259073965,-254.3921654502136
31.608432380944684,-251.90863244890713
32.59311843677664,-249.50157685953985
33.60329887668488,-247.16952020240004
34.634419298222554,-244.91107036193947
35.68209436453771,-242.7248900102004
36.74210959987355,-240.6096703289954
37.810423096175384,-238.5641096079026
38.883166881972926,-236.58689629384602
39.95664775875816,-234.67669607253208
41.027347464040716,-232.83214257025946
42.0919220709043,-231.05183127582194
43.14720057923735,-229.33431629610786
44.190182692780525,-227.67810957547812
45.21803580826816,-226.08168222795703
46.22809126823742,-224.54346765246814
47.21783994786126,-223.06186612445782
48.18492725896888,-221.6352505818293
49.127147661931446,-220.26197334866427
50.04243877906672,-218.94037356621095
50.92887520243166,-217.66878512655612
51.7846620850918,-216.44554492979577
52.60812859889949,-215.2690013099662
53.39772133413762,-214.13752249814488
54.15199770767256,-213.04950501272276
54.86961943701176,-212.00338188669335
55.54934612829671,-210.9976306597945
56.190029017122335,-210.03078107942528
56.79060489242631,-209.10142246845575
57.35009022573904,-208.20821073040912
57.86757552096845,-207.34987497310976
58.34221989370923,-206.5252237408798
58.77324588386325,-205.7331508528523
59.15993450115681,-204.97264085109254
59.50162049993056,-204.2427740671118
59.79768787733149,-203.54273131914883
60.04756558770855,-202.87179825539675
60.2507234655506,-202.2293693602715
60.40666834964614,-201.61495164193153
60.5149404022264,-201.0281680196347
60.5751096186118,-200.46876042920502
60.586772525254936,-199.93659266390165
60.549549067001514,-199.43165296635559
60.46307968781797,-198.95405638495274
60.327022613109804,-198.5040469050855
60.141051346029755,-198.0819993620395
59.90485239480523,-197.68842113789378
59.618123253057796,-197.3239536396571
59.280570660299425,-196.98937354990542
58.89190917522735,-196.6855938343976
58.451860100048016,-196.41366448351403
57.960150799781886,-196.17477295589038
57.41651446625753,-195.97024428333518
56.82069038220335,-195.801540786093
56.17242474636808,-195.67026133684848
55.47147212579981,-195.5781401007258
54.717597606103325,-195.5270446671417
53.910579714454244,-195.51897347801145
53.05021419310978,-195.55605244585888
52.136318702809824,-195.64053064529494
51.168738535455326,-195.7747749526466
50.14735341339524,-195.96126350185847
49.07208544813043,-196.20257782084835
47.94290832382665,-196.5013935120186
46.75985776029983,-196.86046934438318
45.52304329571601,-197.28263463351954
44.23266141082372,-197.7707747999941
42.88900999390375,-198.32781501761497
41.492504118715885,-198.95670189023258
40.04369307665573,-199.66038312998725
38.543278569417346,-200.44178525075034
36.992133930210166,-201.30378933753866
35.39132420072577,-202.2492050050799
33.742126848488326,-203.28074271532418
32.04605286596901,-204.40098468314667
30.304867949960087,-205.61235466023243
28.52061341820959,-206.91708694767192
26.695626481103943,-208.31719504678136
24.832559449955777,-209.81444041412598
22.93439743069666,-211.41030184016367
21.004474022817025,-213.10594602137937
19.046484518537117,-214.90219994374525
17.064496076936273,-216.7995257415735
15.06295433313721,-218.79799874095409
13.046685895554395,-220.89728944098343
11.020896187848576,-223.09665022764412
8.991162111297177,-225.3949076514147
6.963419044122492,-227.79046112512253
4.9439417646326795,-230.28128890543326
2.939318993293712,-232.8649621998428
0.956421403198816,-235.53866818007114
-0.9976368448728316,-238.29924257172348
-2.915542724858243,-241.1432123208856
-4.7898344933241095,-244.0668486078974
-6.61295637439725,-247.0662301913386
-8.377316411393846,-250.1373167351216
-10.0753457320315,-253.2760314226707
-11.699557119683233,-256.4783518282154
-13.242600488008025,-259.74040773720054
-14.697312648380418,-263.0585844299068
-16.056758658680504,-266.4296299070526
-17.31426205534216,-269.8507646791356
-18.46342138932301,-273.31979308753426
-19.498110685116643,-276.8352156870943
-20.412461678921836,-280.3963429968777
-21.200825915262566,-284.00341190810224
-21.85771493397097,-287.6577072102735
-22.377716810067785,-291.36169203860675
-22.755387185982784,-295.1191525306615
-22.985112671119477,-298.9353635528252
-23.060944181442363,-302.8172838824923
-22.976397744019692,-306.77379036841603
-22.724221190182366,-310.81596051255525
-22.29612855337627,-314.95740969023717
-21.68251326149493,-319.21467846501105
-20.87217369468621,-323.6076374095149
-19.852135933914962,-328.15981035898835
-18.607770338934262,-332.89836812251565
-17.123629850276256,-337.85323030788487
-15.38587076112339,-343.0541130314659
-13.387749423492938,-348.523459397789
-11.139956936295901,-354.2627321728359
-8.685286550086845,-360.23250621790044
-6.109269222977421,-366.3374774737715
-3.5305058216130543,-372.4385329907119
-1.0668614853686051,-378.39740696821286
1.1977512578493892,-384.1205700994678
3.2220851666472856,-389.57008380329097
4.9965298283630935,-394.74816876608594
6.528522795745873,-399.6774804203786
7.832393545500467,-404.38769760233873
8.923987629256064,-408.9086551688811
9.81830070294982,-413.26749727726605
10.528654856594313,-417.48782834256167
11.066576877913644,-421.58972920608903
11.441961681487197,-425.5900917488166
11.663329624317996,-429.50303088078147
11.73809540126394,-433.3402774122191
11.672816228171774,-437.11151981926025
11.473409016562815,-440.8246901120945
11.14533535317184,-444.48619944713033
10.693756439791827,-448.1011322739914
10.123661014653937,-451.6734079413196
9.4399691690391,-455.20591768245106
8.647614566295598,-458.70064356474995
7.75160715527739,-462.1587646375257
6.757078158252885,-465.5807542698455
5.669308932849221,-468.96647156507976
4.493745247581938,-472.31524877878104
3.235998541880028,-475.62597584901204
1.901835828023089,-478.8971824727924
0.49715999714788756,-482.1271176296574
-0.9720176187725756,-485.31382606350064
-2.4996105287449515,-488.45522098378484
-4.079494318816421,-491.54915212842127
-5.705546030451307,-494.59346832859086
-7.371684012471252,-497.58607381017254
-9.071906777292888,-500.5249776327759
-10.800329633111009,-503.40833587919064
-12.551218128120608,-506.23448643952406
-14.319017612516573,-509.0019764624353
-16.098378482269535,-511.7095827522998
-17.884176902254982,-514.3563255629931
-19.671531006024967,-516.9414763690862
-21.455812730421574,-519.4645602815627
-23.232655564253037,-521.9253538198539
-24.997958573401835,-524.3238787601699
-26.747887114211892,-526.6603927586552
-28.47887066829135,-528.9353774043196
-30.187598230928025,-531.149524298334
-31.87101166796517,-533.3037196896097
-33.526297427472784,-535.399028126993
-35.15087695730818,-537.4366755199817
-36.74239614121547,-539.4180319354964
-38.29871402710512,-541.3445943996828
-39.81789108342409,-543.2179699218822
-41.29817718425016,-545.0398589130077
-42.73799949157429,-546.8120391323399
-44.13595037443932,-548.536350264668
-45.49077547918569,-550.2146792030505
-46.801362042852645,-551.8489460904988
-48.06672752254326,-553.4410911558896
-49.286008597000276,-554.9930623647316
-50.458450582469645,-556.5068038935062
-51.583397292893935,-557.9842454267056
-52.66028136435288,-559.4272922680815
-53.68861505527093,-560.8378162517021
-54.667981527097936,-562.2176474340358
-55.59802660482906,-563.5685665453129
-56.47845101278672,-564.8922981767776
-57.309003078487706,-566.19050468014
-58.08947189613087,-567.464780756546
-58.81968094125081,-568.7166487147585
-59.49948212938876,-569.9475543820365
-60.1287503142408,-571.1588636564778
-60.70737822466949,-572.3518596964477
-61.23527184522017,-573.5277407512235
-61.7123462513741,-574.6876186472402
-62.13852191868723,-575.8325179563742
-62.513721534163125,-576.9633758865712
-62.837867348603844,-578.0810429507741
-63.1108791201088,-579.186284487372
-63.33267271108264,-580.2797831239837
-63.503159413660505,-581.3621422957996
-63.622246090765955,-582.4338909491314
-63.689836231251014,-583.4954895791512
-63.705832026607084,-584.5473377664233
-63.670137582122116,-585.5897833876805
-63.58266337526665,-586.6231336796882
-63.4433320663187,-587.6476683277207
-63.25208574825467,-588.6636547283476
-63.00889469198939,-589.6713655357099
-62.71376759638474,-590.67109853698
-62.366763287612315,-591.6631988123742
-61.968003727777315,-592.6480830150974
-61.517688087864514,-593.6262654561106
-61.01610751677311,-594.5983854997788
-60.46366010092607,-595.5652355755593
-59.86086536548726,-596.5277888992864
-59.20837753009978,-597.4872257923274
-58.50699661433451,-598.4449573105131
-57.757676408523615,-599.4026447742294
-56.96152830329044,-600.3622137553701
-56.11982002348094,-601.3258611531738
-55.2339684524836,-602.2960541999661
-54.30552596635621,-603.275520588371
-53.33616001811015,-604.2672293960064
-52.327626102480984,-605.2743630749497
-51.28173465926669,-606.3002814246998
-50.2003128971466,-607.3484791165135
-49.085162892534846,-608.4225389129931
-47.93801759337349,-609.5260831608729
-46.76049649839841,-610.6627263719245
-45.55406276622209,-611.8360317154313
-44.31998333311848,-613.0494740248339
-43.059293301622375,-614.3064115013785
-41.77276543925616,-615.6100677360263
-40.4608851441807,-616.9635250415329
-39.123830741558926,-618.3697294683261
-37.761458514956246,-619.8315073421376
-36.373291483582555,-621.351592763501
-34.958510625665916,-622.9326652832044
-33.515947021722454,-624.5773969264413
-32.0440732356395,-626.2885078774154
-30.540992142005315,-628.0688304405664
-29.004421313417993,-629.9213813462839
-27.431670965977005,-631.8494430536908
-25.81961328738477,-633.8566554160466
-24.16464070198131,-635.9471199241199
-22.462610222487882,-638.1255197529761
-20.708770462596814,-640.3972600445038
-18.897667108023285,-642.7686343029541
-17.023021659048414,-645.247024487234
-15.077577120817363,-647.8411443016687
-13.05290324521983,-650.5613370603988
-10.939153525888772,-653.4199405565741
-8.72476794093095,-656.4317295918472
-6.396123093624018,-659.6144372779966
-3.9371535251987977,-662.9893271838715
-1.3290243568439033,-666.5817126569071
1.4499299092963047,-670.4211362132111
4.42348193544427,-674.5405042103765
7.614861430349651,-678.9726073643184
11.040012050323881,-683.7410238322597
14.693933622829675,-688.8414490213737
18.53065576904575,-694.2140949316706
22.450253351176354,-699.7256271602796
26.317438562109704,-705.1946628895015
30.010395631110633,-710.4590632539758
33.457352609647735,-715.4261253812068
36.63608460873988,-720.0714489920167
39.554314396967044,-724.4115902795121
42.23225596987386,-728.4799347661167
44.69283634126201,-732.3133147765994
46.95745504294094,-735.9463009871605
49.044581980858595,-739.4093902244626
50.96958059361085,-742.7288514586253
52.74498443244491,-745.9271678137617
54.38089680311581,-749.0236247427783
55.88538512317049,-752.0348723849872
57.264827833394655,-754.9754074054846
58.524206336548474,-757.8579659674974
59.66734708830021,-760.693835898752
60.69712258228792,-763.4931004124376
61.61562007907934,-766.264825488728
62.42428582807941,-769.0172013361922
63.12405114001526,-771.7576464704158
63.715445318603145,-774.4928813165545
64.19869924617126,-777.2289769874299
64.57384234052265,-779.971384007019
64.84079463286146,-782.7249451925107
64.99945483325999,-785.4938966120937
65.049784437525,-788.281860429141
64.99188719149538,-791.0918334501167
64.82608258813552,-793.926175232011
64.55297156750238,-796.7865995910574
64.17349226799949,-799.6741732058172
63.688963588344215,-802.589324653694
63.101114501387485,-805.531866612939
62.41209752762048,-808.501033089963
61.62448550769539,-811.495532426674
60.74125174945972,-814.5136155841916
59.76573466838864,-817.5531579076146
58.701589067785406,-820.6117513948394
57.55272708729301,-823.6868035628956
56.32325247233584,-826.7756384418959
55.01739210778122,-829.8755950929076
53.639428691865,-832.9841193425206
52.19363802990801,-836.0988450929657
50.68423377458966,-839.2176624946064
49.11532163098584,-842.3387713252782
47.49086418784352,-845.4607189764533
45.81465672803922,-848.5824233890205
44.09031368314692,-851.7031820355911
42.321264871988575,-854.8226685743459
40.51076031443592,-857.9409190993218
38.661882229558486,-861.0583100081451
36.77756278567815,-864.1755294411272
34.860606235263134,-867.2935440623271
32.91371420470002,-870.4135626993452
30.939513085725004,-873.5369980737971
28.940582665156818,-876.6654275696931
26.919485312457677,-879.8005537246335
24.878795206583,-882.944164903289
22.821127215775526,-886.0980964323242
20.749165141641424,-889.2641923445125
18.665689100143954,-892.4442677980991
16.573601837208404,-895.6400722045586
14.475953767026382,-898.8532531118325
12.375966479624042,-902.085320948266
10.277054394767418,-905.3376148313897
8.182844147251267,-908.6112697807623
6.09719118140457,-911.9071858387998
4.024192919997894,-915.2259997886597
1.968197767189743,-918.5680603511684
-0.06619087787901488,-921.9334079268626
-2.0741164628256206,-925.3217601038301
-4.050477827899474,-928.7325042533562
-5.989945208961587,-932.1646985581144
-7.886984260411328,-935.6170827378853
-9.735888367386154,-939.0880995370743
-11.530819120706553,-942.5759277079193
-13.265854344051695,-946.0785267688585
-14.935042519690482,-949.5936932620642
-16.532461899780824,-953.11912761907
-18.052282068310056,-956.6525101262313
-19.488825291760584,-960.19158393031
-20.836624717603783,-963.7342426082052
-22.090476388051894,-967.2786196043406
-23.24548214971342,-970.8231768564514
-24.297080848960253,-974.366790201714
-25.241065672084222,-977.9088296683886
-26.073586060249756,-981.4492334762213
-26.791133228808818,-984.9885754371707
-27.390508871041163,-988.5281264056432
-27.8687770550394,-992.0699114191342
-28.22319956867092,-995.6167651574223
-28.451154986619766,-999.1723893170982
-28.550041496694945,-1002.741416462804
-28.517163014464444,-1006.3294859202356
-28.34959733064986,-1009.9433383861577
-28.04404398004067,-1013.5909372279834
-27.596648221127793,-1017.2816259996481
-27.002796057582753,-1021.0263335156034
-26.25687385374453,-1024.8378397118684
-25.351985411020717,-1028.7311168013143
-24.279620895970506,-1032.7237590249802
-23.02927937136927,-1036.8365059001644
-21.588068398535604,-1041.093836901531
-19.940359908580323,-1045.5245432832771
-18.067715257517012,-1050.1620046693226
-15.949595596460785,-1055.0434862687503
-13.566002233586929,-1060.2069050545738
-10.904245737932687,-1065.6820309542636
-7.972798518033717,-1071.4719493296259
-4.821985887705205,-1077.5248369955877
-1.5582078626688358,-1083.7139875268456
1.6739902321186952,-1089.861328174644
4.742290747866069,-1095.805191564548
7.565792837927136,-1101.452831813559
10.115712680640542,-1106.7805812504414
12.395424484007743,-1111.8063404133752
14.422248104977228,-1116.564956347151
16.21710437908722,-1121.0945464262386
17.799943797966552,-1125.430687910611
19.188165894307158,-1129.604594028165
20.39634879274789,-1133.6429770391583
21.436478653454643,-1137.5685105421921
22.31832849722395,-1141.4004329987963
23.04984740591191,-1145.1551191503206
23.63751199651577,-1148.8465656035582
24.086629033995898,-1152.4867838655418
24.401591842676932,-1156.0861106272591
24.586097328405646,-1159.6534493697166
24.64333074928364,-1163.196457075841
24.57612432769126,-1166.7216881203356
24.387094391923714,-1170.234705494273
24.078760370738557,-1173.7401678153606
23.653647783777732,-1177.2418991653396
23.11437642103207,-1180.7429476456853
22.463734195539793,-1184.2456375760548
21.704736684145164,-1187.751619399075
20.840672135151088,-1191.2619205361516
19.875131706803433,-1194.7769996191864
18.812024884991214,-1198.2968056838572
17.6555803780748,-1201.8208430573197
16.410333253682104,-1205.3482418345534
15.081099607621503,-1208.87783305686
13.672940573552172,-1212.4082270348756
12.191117929808287,-1215.93789274652
10.641043882467196,-1219.465235925645
9.028227764025095,-1222.988673358556
7.358222369283138,-1226.5067010186526
5.636572461496832,-1230.0179539667804
3.8687676498862738,-1233.521256380734
2.060201405945192,-1237.0156605949612
0.2161374991037397,-1240.5004745719907
-1.6583153601897984,-1243.9752777374617
-3.5582203395866743,-1247.4399255500625
-5.478820829587136,-1250.8945435207504
-7.415540691269284,-1254.3395116330037
-9.36397701485924,-1257.7754402522928
-11.319886151065296,-1261.2031386643257
-13.27916386917668,-1264.6235773708486
-15.23782054488613,-1268.0378452253483
-17.19195230700123,-1271.4471024356408
-19.137709095102707,-1274.8525304207021
-21.071260616352777,-1278.2552795058361
-22.988761251162956,-1281.6564154885962
-24.886315050595496,-1285.0568662162914
-26.759942092419664,-1288.457369484706
-28.605547608661734,-1291.85842378763
-30.418895447120143,-1295.2602436975508
-32.19558755507694,-1298.662721907102
-33.931051239175105,-1302.0654001644082
-35.62053591910457,-1305.467451439636
-37.259120911401965,-1308.8676756066866
-38.841735416949895,-1312.2645106587709
-40.36319132128302,-1315.6560609606154
-41.81822865604653,-1319.0401432622002
-43.20157265209728,-1322.414350187612
-44.508000315563564,-1325.7761297419377
-45.73241348527369,-1329.1228781667935
-46.86991450911889,-1332.4520423692966
-47.915880130996335,-1335.7612273057323
-48.866029004344064,-1339.0483032540265
-49.716478488872596,-1342.3115079429263
-50.46378702746885,-1345.5495390361157
-51.10497936177179,-1348.7616334380612
-51.63755300065189,-1351.9476311746091
-52.059465554435484,-1355.1080230472112
-52.36910364099534,-1358.243982700832
-52.565234936793814,-1361.3573850414004
-52.646945508172976,-1364.450813993259
-52.613564784074825,-1367.527563359359
-52.4645804305861,-1370.5916350489806
-52.19954499861173,-1373.647739224942
-51.81797559043511,-1376.7013010798419
-51.319246979743944,-1379.7584790805515
-50.70247766134012,-1382.826199729776
-49.96640722039109,-1385.9122142905774
-49.109262194902435,-1389.0251836076288
-48.128606241395175,-1392.1747982315524
-47.02116888572734,-1395.3719425787451
-45.78264547403747,-1398.6289138360455
-44.407459298485364,-1401.9597085522253
-42.88847579489766,-1405.38039165643
-41.216659643524046,-1408.9095620913952
-39.38067218876254,-1412.5689214581716
-37.366427651023315,-1416.3839250449576
-35.15668302355806,-1420.3844196728926
-32.73087625590228,-1424.6049835570286
-30.06575289777123,-1429.0842365385004
-27.13801443488138,-1433.8614276933533
-23.931418091620948,-1438.9669277337857
-20.45166825018785,-1444.4019214514637
-16.7488374788888,-1450.1074617623563
-12.932118869076962,-1455.9436963632563
-9.148515592866957,-1461.718600933897
-5.527981646640845,-1467.263038356496
-2.144545665939303,-1472.48384581099
0.9808197593717646,-1477.359506000235
3.858003689993387,-1481.9095156173782
6.509242697979238,-1486.1691133206127
8.95918917522345,-1490.1759268088247
11.230770777473357,-1493.964565011906
13.343900046338776,-1497.5650660404774
15.315372927222478,-1501.0029174339948
17.159188565997017,-1504.2996071671325
18.88697112780807,-1507.4732803229379
20.508373487039677,-1510.5393467636577
22.03142547250132,-1513.5109957186746
23.462821735270207,-1516.3996152201382
24.808155646041754,-1519.2151281534361
26.072108529330407,-1521.9662594892661
27.258603284426588,-1524.6607481111566
28.370930185713426,-1527.305514388301
29.411851239089177,-1529.906792345259
30.38368819037688,-1532.4702333047996
31.28839820765063,-1535.000986303799
32.12764038013926,-1537.5037593804857
32.90283545258228,-1539.9828649526166
33.61522060269052,-1542.4422518977146
34.26590053334183,-1544.885526562124
34.85589566238393,-1547.3159647250068
35.38618773490591,-1549.736516488312
35.85776275180973,-1552.1498061136426
36.271650714148464,-1554.5581289351585
36.62896134760498,-1556.9634475896949
36.93091472856991,-1559.3673898603317
37.1788656202997,-1561.771250366111
37.3743203788023,-1564.1759980957884
37.51894552365721,-1566.582291346018
37.61456748499641,-1568.9905009862748
37.66316359941616,-1571.4007421773215
37.66684506851028,-1573.8129138007278
37.627833224960796,-1576.2267440259877
37.548430976834965,-1578.6418397685811
37.43099163843218,-1581.057737377186
37.277887455034666,-1583.4739517891535
37.091479981374384,-1585.8900216126092
36.87409411455903,-1588.3055480789508
36.62799707907097,-1590.7202264689029
36.3553830970243,-1593.1338693394052
36.05836393088263,-1595.546421564802
35.738965020662064,-1597.9579677761524
35.39912659067148,-1600.3687331926862
35.04070888401499,-1602.779079078621
34.66550058762883,-1605.1894941421556
34.27522951441999,-1607.6005831533682
33.87157468414298,-1610.0130539321592
33.45617906318759,-1612.4277036832775
33.03066236169136,-1614.8454054636206
32.59663342640644,-1617.2670953800148
32.15570189765626,-1619.693760948047
31.70948891190473,-1622.1264309017051
31.259636725385754,-1624.5661666318963
30.80781720916104,-1627.0140553481751
30.35573922383411,-1629.4712049990446
29.905154925725085,-1631.9387409479773
29.457865088617936,-1634.41780438072
29.015723549107193,-1636.9095524107418
28.58064090164016,-1639.415159850726
28.154587583709983,-1641.935822626368
27.739596504034694,-1644.4727628226783
27.337765378329006,-1647.0272353714313
26.951258949522565,-1649.6005364108296
26.58231128287523,-1652.1940133748747
26.233228342132705,-1654.8090769008056
25.906391071344835,-1657.4472146791336
25.60425922893734,-1660.110007413515
25.329376246855976,-1662.7991471085822
25.084375418968484,-1665.5164579648824
24.87198776041597,-1668.2639202336318
24.695051924347243,-1671.0436974728125
24.556526615535073,-1673.8581677532238
24.459506002596733,-1676.7099594915178
24.40723870201035,-1679.6019927396271
24.403150986217987,-1682.5375269374906
24.450874949723016,-1685.5202163362064
24.554282439277877,-1688.5541745117803
24.717525592088,-1691.6440495903785
24.945084780150996,-1694.7951119396653
25.24182453481564,-1698.013356035685
25.613057444707973,-1701.3056177707265
26.064614747962885,-1704.6797071999058
26.60291975451173,-1708.1445538236171
27.235055188337675,-1711.7103554459281
27.968805940498783,-1715.3887096093251
28.812640848291547,-1719.1926834748338
29.77556466879486,-1723.1367350070798
30.866714886906507,-1727.2363218595303
32.09448689921818,-1731.5069086653832
33.46484748615252,-1735.9619083424257
34.9783998823163,-1740.6089450316576
36.625911461051345,-1745.4439976574088
38.38286821831088,-1750.4441080948052
40.20552581546779,-1755.561916888012
42.0327066056568,-1760.7277534920438
43.79577890810628,-1765.8626242522184
45.432834438367834,-1770.8967688427824
46.89891219024508,-1775.7828239267255
48.16804313137471,-1780.4979990606698
49.22940995095571,-1785.0384916509831
50.08191931028735,-1789.411979584994
50.72973976671051,-1793.6315787122123
51.179403100444766,-1797.7119875119802
51.43817752624482,-1801.6673640149554
51.51326461922806,-1805.5102993218736
51.41147084725475,-1809.2514070997336
51.13913208141487,-1812.8992317371649
50.702163014064325,-1816.460308946746
50.106161055295516,-1819.9392919444629
49.35652706250829,-1823.3391006385698
48.458583138202485,-1826.661074809578
47.41767726214786,-1829.9051242485687
46.239269560111325,-1833.069874554206
44.928997703477144,-1836.1528096952507
43.49272044763116,-1839.1504131033398
41.936539266416986,-1842.058308819579
40.266798735934564,-1844.8714035419798
38.49006690682926,-1847.5840295713458
36.61309743206707,-1850.1900877872336
34.642775690833,-1852.6831890016115
32.586051549617345,-1855.0567913996697
30.449861702350503,-1857.304331324753
28.241044708202185,-1859.4193444183168
25.966251881419648,-1861.3955740902238
23.631857075510826,-1863.2270644588864
21.243868148199137,-1864.9082352413375
18.807842508173827,-1866.433936556542
16.32880865294459,-1867.799482190098
13.811195039522634,-1869.0006605100637
11.258767022172648,-1870.0337228777598
8.674571984347407,-1870.8953500257664
6.0608922293048195,-1871.5825974527093
3.4192047255198945,-1872.0928214073485
0.7501464890783508,-1872.423587534011
-1.9465156925681897,-1872.5725648116209
-4.671912208960673,-1872.537408206585
-7.4280944154004365,-1872.315634775416
-10.218053676254106,-1871.9045003131528
-13.045730819734619,-1871.3008879220836
-15.91600539402753,-1870.5012275230733
-18.83464418694223,-1869.5014786870047
-21.808171848860194,-1868.2972317664985
-24.843599762489227,-1866.884018814276
-27.947909567315932,-1865.2579801414777
-31.1271373927861,-1863.4171008130525
-34.38486544503801,-1861.3632830280837
-37.71996755373277,-1859.1054584631463
-41.12371773596368,-1856.6635683437105
-44.57701555463268,-1854.0723265378826
-48.04937005146264,-1851.3824354512553
-51.50151310263887,-1848.656624712075
-54.8918838776349,-1845.960214389277
-58.18436046769832,-1843.3499676349159
-61.353496740271666,-1840.8665618658151
-64.38556765648647,-1838.5330836982032
-67.2764983716027,-1836.358006687551
-70.02871666851239,-1834.339737031579
-72.64832904323404,-1832.4707193777895
-75.14310676856422,-1830.7403963806214
-77.52123817560401,-1829.137074175538
-79.7906365756033,-1827.648988079807
-81.95860095434146,-1826.2648554121809
-84.0316826171822,-1824.9741246256176
-86.0156641760827,-1823.7670551616902
-87.91559528989661,-1822.6347086091077
-89.7358536999608,-1821.568897358852
-91.48021449538793,-1820.5621162832554
-93.15191880745604,-1819.607470988494
-94.75373774753439,-1818.698609419398
-96.2880299108356,-1817.8296598536865
-97.75679208429955,-1816.9951763101724
-99.16170345012709,-1816.1900913566649
-100.50416386789418,-1815.4096758052126
-101.78532691716171,-1814.6495045790896
-103.00612838337562,-1813.905427988936
-104.16731082445702,-1813.1735476872416
-105.26944479173214,-1812.4501966381515
-106.31294721128695,-1811.7319225202414
-107.29809736757706,-1811.0154740613523
-108.22505087325814,-1810.2977898808365
-109.09385195865127,-1809.5759894830649
-109.9044443708463,-1808.8473661060004
-110.65668113549204,-1808.1093811801804
-111.35033340294144,-1807.3596601971433
-111.98509857369814,-1806.5959898228905
-112.56060787518349,-1805.816316122164
-113.07643354192906,-1805.0187437838092
-113.53209573371136,-1804.2015362569725
-113.9270693102941,-1803.3631167228566
-114.26079056682443,-1802.5020698377555
-114.53266402012306,-1801.6171441905537
-114.74206932277096,-1800.7072554221497
-114.88836836874965,-1799.7714899557857
-114.97091264123455,-1798.8091092863165
-114.98905083982369,-1797.8195547734151
-114.94213681093079,-1796.8024528789167
-114.82953779125675,-1795.7576207823006
-114.6506429602166,-1794.6850723010698
-114.40487228302443,-1793.5850240348639
-114.0916856119584,-1792.457901643908
-113.71059199930318,-1791.3043461641948
-113.26115916177814,-1790.1252202539526
-112.74302302308327,-1788.921614258707
-112.15589724868732,-1787.6948519758323
-111.4995826752558,-1786.446495993971
-110.77397652621731,-1785.1783524781172
-109.97908129486416,-1783.8924752673877
-109.11501316695447,-1782.5911691493384
-108.18200984582604,-1781.2769921718748
-107.18043763427046,-1779.952756851023
-106.11079761855024,-1778.6215301298646
-104.9737307906867,-1777.2866319406473
-103.77002193531645,-1775.9516322186194
-102.5006020969961,-1774.6203462129981
-101.16654943308555,-1773.2968279386184
-99.76908824686618,-1771.9853616127907
-98.30958598637739,-1770.6904509278609
-96.78954798805647,-1769.4168060236923
-95.21060974253454,-1768.169328049057
-93.574526465095,-1766.9530912403252
-91.88315976769266,-1765.7733225034451
-90.13846125527631,-1764.6353785641434
-88.3424529081626,-1763.5447208537312
-86.49720416514543,-1762.5068884244708
-84.60480568827727,-1761.5274693377846
-82.66733986740515,-1760.6120711367798
-80.68684820605958,-1759.7662911952343
-78.6652958134314,-1758.995687919582
-76.60453330110246,-1758.3057539581112
-74.50625643744479,-1757.701892731637
-72.37196393573839,-1757.1893997323566
-70.20291373259272,-1756.7734501354362
-68.00007804058576,-1756.459094328751
-65.76409732424739,-1756.2512629942337
-63.49523314487595,-1756.1547833811433
-61.19331954262543,-1756.1744084170352
-58.857712270896066,-1756.3148603337866
-56.48723476599374,-1756.5808905776826
-54.08011922152269,-1756.9773579625082
-51.633940538366204,-1757.5093273514494
-49.14554023446363,-1758.1821916498754
-46.61093662834826,-1759.0018205702124
-44.02521678585472,-1759.9747404595832
-41.38240493541661,-1761.108350323875
-38.675301565157184,-1762.4111796702891
-35.8952878206531,-1763.8931930478834
-33.032092519029774,-1765.5661422045762
-30.073527198580738,-1767.44395519568
-27.00521496860294,-1769.5431229658734
-23.81038617736409,-1771.88297733907
-20.469918272690208,-1774.4856077805914
-16.963015243512107,-1777.3748588426588
-13.26933494599432,-1780.5732729469999
-9.373991445922224,-1784.0949809528913
-5.277186909123163,-1787.9320980483467
-1.0082598398130918,-1792.0349725795704
3.3633548967429236,-1796.2969074608643
7.735786111634562,-1800.5652425590038
12.005974014874662,-1804.6857412258519
16.101914219936386,-1808.548366360592
19.991966943098717,-1812.1006543362569
23.674576460556917,-1815.3333602872613
27.164053760767565,-1818.2604406228156
30.480592008816604,-1820.9049295306784
33.645016480619496,-1823.2914619306416
36.67653044633346,-1825.4430214096033
39.59198312174727,-1827.3798484996612
42.40581412082504,-1829.1193205915642
45.13025847945996,-1830.6762159021887
47.775625014979994,-1832.0630946720532
50.3505705981096,-1833.2906852371525
52.86234269839944,-1834.3682329510812
55.31698401412489,-1835.3038004540815
57.71950155261766,-1836.1045201319455
60.07400538976845,-1836.7768039032621
62.38382279258674,-1837.3265163559024
64.6515929058494,-1837.7591168128688
66.87934642310393,-1838.079775063431
69.06857384903792,-1838.293464633748
71.22028521400486,-1838.4050367365046
73.33506345122996,-1838.419277468764
75.413113094193,-1838.340950412642
77.4543054882867,-1838.1748265079607
79.4582213281204,-1837.9257028779846
81.424191021926,-1837.5984121677009
83.35133314091168,-1837.1978238714348
85.23859102834217,-1836.7288390605313
87.08476751490107,-1836.1963798555614
88.88855760730856,-1835.6053749099265
90.64857897930557,-1834.960742077041
92.36340009036834,-1834.2673693202635
94.03156577989932,-1833.5300947957694
95.65162022520217,-1832.7536868984919
97.22212720283008,-1831.9428249161876
98.74168764834062,-1831.102080793096
100.20895456371835,-1830.2359023684567
101.62264537071066,-1829.348598331162
102.98155184937512,-1828.4443250234963
104.2845478328296,-1827.5270751361872
105.53059485114703,-1826.600668264473
106.71874592999748,-1825.6687432399415
107.84814775402937,-1824.7347521140987
108.91804140246553,-1823.8019556448926
109.92776185647811,-1822.873420124403
110.8767364660921,-1821.952015382209
111.76448255002241,-1821.0404138022034
112.59060428614926,-1820.141090198807
113.35478903422691,-1819.2563224098346
114.05680321661531,-1818.3881924762766
114.69648786781289,-1817.538588292859
115.27375394965237,-1816.709205626674
115.78857751633623,-1815.9015504138802
116.24099480205211,-1815.1169412561883
116.63109729364515,-1814.356512049423
116.9590268416027,-1813.621214685903
117.22497085426197,-1812.9118217807772
117.42915761250646,-1812.2289293799374
117.57185173510067,-1811.5729596138365
117.65334981806551,-1810.944163267646
117.67397626498328,-1810.3426222437834
117.6340793187278,-1809.7682518980732
117.53402729875378,-1809.220803235717
117.37420504168762,-1808.6998649578607
117.15501053649386,-1808.2048653538923
116.87685173892552,-1807.7350740385787
116.54014354328949,-1807.2896035367226
116.1453048827728,-1806.8674107210263
115.69275592268927,-1806.4672981111867
115.1829153040288,-1806.0879150436726
114.61619738763862,-1805.7277587220137
113.99300944224018,-1805.3851751564448
113.31374871228819,-1805.0583599992178
112.57879929439291,-1804.7453592774473
111.78852874361316,-1804.44407001877
110.94328432331983,-1804.152240755944
110.0433888044171,-1803.8674718845195
109.08913571132639,-1803.5872158324141
108.08078390305563,-1803.3087769812478
107.01855136756497,-1803.0293112561496
105.90260809606819,-1802.7458252729134
104.73306789029567,-1802.4551748982794
103.50997893934507,-1802.1540630400407
102.23331298260254,-1801.8390364377785
100.90295285012567,-1801.5064811713419
99.51867814034432,-1801.1526165413923
98.08014875511991,-1800.7734869029534
96.58688596189677,-1800.3649509469897
95.03825058926913,-1799.922667824342
93.4334178827915,-1799.4420793882682
91.77134844905005,-1798.918387693618
90.05075459474887,-1798.3465267299816
88.27006122153789,-1797.7211271821045
86.4273602665795,-1797.0364728063967
84.52035748891167,-1796.2864467987129
82.54631020943711,-1795.4644663340093
80.50195445777759,-1794.5634033449992
78.3834199474861,-1793.5754897022787
76.18613156536162,-1792.4922055167171
73.90469696352572,-1791.3041508023898
71.53278205159403,-1790.0009041717317
69.06298098274996,-1788.570879409408
66.4866970380336,-1787.0012051226383
63.7940701139307,-1785.2776805001515
60.9740231708909,-1783.3849125538839
58.01456642318532,-1781.306834379363
54.90360902792577,-1779.0279602979736
51.630684017071204,-1776.5359517866793
48.190120297669004,-1773.8262430238708
44.586015381618694,-1770.9092085245854
40.838282346988535,-1767.818811643533
36.98670375658846,-1764.6183489380417
33.08808710008863,-1761.3963087213106
29.20457040716308,-1758.2495691665615
25.388789542030306,-1755.2620489960684
21.674824584155147,-1752.4915049959864
18.077964573427444,-1749.9688646554428
14.59969435506099,-1747.7050545679044
11.233418458654784,-1745.6989728153133
7.96877499087247,-1743.9435318055844
4.7942889557021005,-1742.429380512811
1.698804251106358,-1741.1469028007677
-1.3278283613914657,-1740.0871541059469
-4.294471258551986,-1739.2422069421948
-7.208626862939346,-1738.605189355534
-10.076460996343538,-1738.1701748040095
-12.902865510152068,-1737.9320079375254
-15.691532419573035,-1737.886109982651
-18.44502738643913,-1738.0282858527853
-21.164858441816353,-1738.354544022909
-23.851539815514553,-1738.8609346910073
-26.504652541931275,-1739.5434090887138
-29.12290414905636,-1740.3977015462597
-31.704189743362363,-1741.4192352892633
-34.24565646295035,-1742.6030525472931
-36.74377274300205,-1743.943769190949
-39.19440321591758,-1745.435553704023
-41.592889416372124,-1747.072129822683
-43.93413582526849,-1748.8468016521297
-46.21270020258127,-1750.7524995374392
-48.422886656124426,-1752.781844459644
-50.55883949302835,-1754.9272282891134
-52.61463561794752,-1757.1809068887667
-54.58437308467177,-1759.5351028441835
-56.46225337718812,-1761.9821145223598
-58.242655087220065,-1764.51442823314
-59.920196856489966,-1767.1248304868172
-61.48978774601223,-1769.806517700005
-62.94666355866891,-1772.5532011847172
-64.28640804760619,-1775.3592058414206
-65.50495836119433,-1778.2195616392385
-66.59859447461824,-1781.1300876752166
-67.56391271073015,-1784.0874693270912
-68.39778373766536,-1787.089329716274
-69.09729563885166,-1790.134297343401
-69.65968279180198,-1793.222072304409
-70.08224140312197,-1796.3534938791058
-70.36223271111696,-1799.530612403812
-70.49677524202446,-1802.7567680072773
-70.4827283797518,-1806.0366776515414
-70.31657140328467,-1809.376529311634
-69.99428599766911,-1812.784076811004
-69.51125772234542,-1816.2687185384468
-68.8622259277455,-1819.8415239894466
-68.04133694456509,-1823.5151370511076
-67.04239909459109,-1827.3034240512745
-65.85950774443077,-1831.2206365044917
-64.4883026346319,-1835.279723714482
-62.92819660401514,-1839.4893135288523
-61.185826635309304,-1843.848982604915
-59.27940905645173,-1848.3431996787356
-57.24234854326398,-1852.9361528932393
-55.122983953959576,-1857.5717259025278
-52.978035458532936,-1862.1820240217858
-50.86157990619394,-1866.7020460147498
-48.815437516300584,-1871.082516501514
-46.86546940046749,-1875.2947560093285
-45.023378856398374,-1879.3281608687632
-43.29089187054291,-1883.184551566534
-41.66379638506635,-1886.8727916600437
-40.13487248735382,-1890.40495129744
-38.695712205456765,-1893.793982795511
-37.337736003473296,-1897.0524719481666
-36.05270726231034,-1900.1920489115398
-34.83295829665603,-1903.223168576456
-33.6714603715202,-1906.1550833890706
-32.56181435324626,-1908.995908149213
-31.498204446745383,-1911.7527225262195
-30.475337728038898,-1914.4316833102587
-29.48838115283395,-1917.0381328288454
-28.53290170310585,-1919.5766976434168
-27.604812121727687,-1922.051375618327
-26.7003230221298,-1924.4656114277732
-25.815901341934158,-1926.8223614759013
-24.948234746924935,-1929.1241495647773
-24.094201470438467,-1931.3731147310882
-23.25084507627571,-1933.5710526332196
-22.41535369708841,-1935.71945178314
-21.58504339071766,-1937.8195258213575
-20.75734535587359,-1939.8722429462
-19.929796845834954,-1941.878353537316
-19.10003570852448,-1943.8384169573624
-18.265798558914483,-1945.75282847091
-17.42492265084156,-1947.6218471780596
-16.575351554786746,-1949.4456258119885
-15.7151447596441,-1951.2242431819939
-14.842491292367813,-1952.957739941985
-13.955727381234567,-1954.646158212746
-13.053358067925254,-1956.289585368598
-12.134082493908581,-1957.8882020013607
-11.196822344532006,-1959.4423336880673
-10.240752632870642,-1960.9525057141718
-9.265333656865094,-1962.419499355145
-8.270342591158379,-1963.8444077280626
-7.25590281556143,-1965.2286886427914
-6.222508783255865,-1966.5742113805825
-5.171044049631942,-1967.8832939912222
-4.102790073790607,-1969.1587276168173
-3.0194236167424306,-1970.4037845974758
-1.9230010202288466,-1971.6222077388788
-0.8159283541501055,-1972.818179125023
0.29908267193585053,-1973.9962681851216
1.41907210454567,-1975.1613602571251
2.5409004684663934,-1976.3185684691769
3.6613258853357205,-1977.4731331966661
4.777085929290857,-1978.6303144628014
5.884980144711051,-1979.7952832870433
6.981949102666253,-1980.9730180626182
8.065146196198233,-1982.168211553384
9.13199902524886,-1983.3851931115405
10.180258113956597,-1984.6278693661359
11.208031724064684,-1985.8996850934752
12.213806558766851,-1987.2036044401184
13.19645508295561,-1988.5421112934866
14.15523093584907,-1989.9172265082987
15.08975443204978,-1991.3305389682562
15.999990424810015,-1992.783247104759
16.886220859356936,-1994.2762074735244
17.749014215480834,-1995.8099872387245
18.589193779752495,-1997.3849178496985
19.407806353032836,-1999.001147733798
20.20609263694053,-2000.6586923975026
20.985460191945265,-2002.3574808705994
21.747459546117877,-2004.097397907935
22.493763772296145,-2005.878321760553
23.226151648109315,-2007.700157637699
23.946494366663423,-2009.562867208067
24.65674567008926,-2011.4664946438925
25.358935225755495,-2013.4111898090507
26.05516504731383,-2015.3972292468482
26.747608771909693,-2017.4250356483426
27.438513633967386,-2019.4951964897202
28.1302050193574,-2021.6084825273197
28.825093537163735,-2023.7658668390868
29.525684606435938,-2025.9685451073956
30.234590619664285,-2028.217957854251
30.95454581083289,-2030.5158153680688
31.68842402072662,-2032.8641261013745
32.439259610808904,-2035.2652293675033
33.21027182082273,-2037.7218332131902
34.00489287874013,-2040.237058375057
34.82680012687698,-2042.8144892079692
35.679952275266174,-2045.4582323403172
36.56862954519673,-2048.1729834540884
37.49747676868442,-2050.964101807085
38.47154719582753,-2053.837690557934
39.49634236774663,-2056.800678001659
40.577839143777396,-2059.8608893987225
41.722487495734306,-2063.027089356874
42.93714985452731,-2066.3089577224046
44.22893143475041,-2069.716933161775
45.6048171885662,-2073.2618124139162
47.07098271155271,-2076.9539259429043
48.63159154866014,-2080.8016321614787
50.28686923277315,-2084.808834679551
52.03036178411805,-2088.971375258416
53.84572982859336,-2093.2727470448663
55.704305518648646,-2097.680763007425
57.565484015832645,-2102.1479798525265
59.38150609881651,-2106.618000056877
61.10553451913529,-2111.036172913118
62.699219785052684,-2115.359537808456
64.1363829007091,-2119.5614683232197
65.40248288868436,-2123.630636333445
66.49177855017932,-2127.5669432911936
67.40414977964079,-2131.377092474461
68.14257296309594,-2135.071122256826
68.71144367706461,-2138.660125721111
69.11558943420539,-2142.1549157005684
69.35975016194517,-2145.565318239096
69.44834568923218,-2148.8998430241827
69.38540812193267,-2152.1655643175527
69.1746036386064,-2155.3681120601186
68.81929928489953,-2158.511716316327
68.32264932342315,-2161.5992745778544
67.68768675428646,-2164.63242668947
66.91741186595416,-2167.6116306857916
66.0148731210959,-2170.536237432459
64.9832375522025,-2173.404564316113
63.82584885809487,-2176.2139692860187
62.54627197209163,-2178.9609268616323
61.14832325266104,-2181.6411075938404
59.63608575851406,-2184.249462081272
58.013909378948476,-2186.7803101048635
56.28639592407871,-2189.2274348251694
54.458369640895064,-2191.584181340565
52.53483399692625,-2193.8435582735665
50.52091594156628,-2195.9983404743366
48.4217991894375,-2198.0411704370526
46.242648343403296,-2199.964655642724
43.98852586220994,-2201.7614587907456
41.66430395901401,-2203.424377772472
39.27457347840306,-2204.94641227586
36.823551634843554,-2206.320814083938
34.3149902075374,-2207.541118426141
31.75208538810246,-2208.6011541386843
29.13738999237193,-2209.4950308645357
26.47272821406897,-2210.217102058263
23.75911257388019,-2210.761903159226
20.996662291210235,-2211.12406500556
18.184522120185072,-2211.2982035120535
15.320780987276667,-2211.2787881119666
12.40239096933074,-2211.0599940277366
9.425090021422784,-2210.6355481480723
6.383337787299989,-2209.9985870953574
3.270285280899103,-2209.1415624550195
0.07782051755739035,-2208.056258123878
-3.2032297605781808,-2206.7340379455354
-6.58259784726687,-2205.1665311410097
-10.069530561649083,-2203.347097355325
-13.670847054610132,-2201.2735672807844
-17.38771217950311,-2198.952787635441
-21.21106882035931,-2196.4070158480936
-25.116806509941373,-2193.680590770103
-29.063637971247406,-2190.842629845773
-32.99740465119777,-2187.980485686547
-36.86214664890621,-2185.183558489045
-40.61235058575157,-2182.5254914500597
-44.21956061270678,-2180.054497678742
-47.67177509659936,-2177.7940854418243
-50.968873181467956,-2175.7495566426796
-54.11763986567053,-2173.9151647158255
-57.12804819610152,-2172.2795281255535
-60.01097289091438,-2170.8290175538505
-62.77696380289634,-2169.549626493003
-65.4356743750401,-2168.4278938028597
-67.99565486392892,-2167.4512902630972
-70.46433313227465,-2166.608323265732
-72.84808354698305,-2165.8885040853456
-75.15233116235142,-2165.282255739819
-77.38166450835273,-2164.780801834774
-79.5399443627895,-2164.3760562680877
-81.63040320634737,-2164.06052277168
-83.65573373592173,-2163.827207623084
-85.6181665596289,-2163.669546034615
-87.51953794594033,-2163.5813413952455
-89.36134874568855,-2163.556715983952
-91.14481561122518,-2163.590071611215
-92.87091553798194,-2163.676058675407
-94.54042461927143,-2163.8095522373906
-96.15395176899263,-2163.985633865846
-97.71196804394518,-2164.1995781609617
-99.21483209304964,-2164.4468430127463
-100.66281217546427,-2164.723062787281
-102.0561051216964,-2165.024043758046
-103.39485255876403,-2165.345761210205
-104.67915467951855,-2165.6843577440536
-105.90908180480508,-2166.036142390697
-107.08468396293173,-2166.3975902293214
-108.20599869203537,-2166.76534226201
-109.27305725582012,-2167.136205359759
-110.28588945059899,-2167.5071521427844
-111.24452717067494,-2167.8753207002133
-112.14900688919323,-2168.2380140893283
-112.99937120222741,-2168.5926995834598
-113.7956695747314,-2168.9370076609407
-114.53795841793445,-2169.26873074592
-115.22630061869583,-2169.5858217258806
-115.86076463226308,-2169.886392280954
-116.44142324081777,-2170.1687110671683
-116.96835207120236,-2170.431201800066
-117.44162795636129,-2170.6724412871513
-117.86132721636156,-2170.8911574578037
-118.22752392643818,-2171.0862274379415
-118.54028823137932,-2171.2566757142067
-118.79968475775381,-2171.40167242897
-119.00577116800105,-2171.520531843308
-119.15859689324903,-2171.6127110004163
-119.2582020748802,-2171.677808616852
-119.30461673829934,-2171.7155642236944
-119.297860216028,-2171.7258575741885
-119.23794083110867,-2171.7087083288466
-119.12485584578857,-2171.664276023308
-118.95859167450742,-2171.592860318591
-118.73912435427137,-2171.4949015277125
-118.4664202594924,-2171.370981407064
-118.14043704224713,-2171.221824195457
-117.7611247726055,-2171.0482978784235
-117.3284272471468,-2170.8514156502697
-116.84228342697911,-2170.632337541631
-116.30262895947763,-2170.3923721759425
-115.70939773053941,-2170.1329786145457
-115.06252338641679,-2169.8557682471915
-114.36194075614537,-2169.5625066827956
-113.60758709725421,-2169.2551155946608
-112.79940307886983,-2168.93567447533
-111.93733340755047,-2168.6064222591685
-111.02132699226043,-2168.2697587760717
-110.0513365358646,-2167.9282460078252
-109.02731743141923,-2167.58460913012
-107.94922583235788,-2167.241737338558
-106.81701575637241,-2166.902684476795
-105.63063507324685,-2166.5706695097847
-104.39002021689335,-2166.2490769156143
-103.09508945100676,-2165.941457106238
-101.74573450556673,-2165.65152703121
-100.34181038712724,-2165.3831711699618
-98.88312314843994,-2165.140443177992
-97.36941538115633,-2164.927568521301
-95.80034916750893,-2164.7489485123056
-94.17548619100167,-2164.609166250266
-92.49426465994154,-2164.512995070755
-90.75597263859211,-2164.465410222802
-88.95971730631845,-2164.471604619267
-87.10438957333199,-2164.537009645071
-85.18862337204338,-2164.6673221556694
-83.21074881846526,-2164.8685389461157
-81.168738308335,-2165.1470001002785
-79.06014450085273,-2165.5094427015133
-76.88202909801726,-2165.963066324243
-74.6308814467344,-2166.5156113843414
-72.30252646195835,-2167.1754505288513
-69.89202254843518,-2167.9516912757435
