theta1,theta2
90.0,90.00020000000002
89.97189642158152,90.00019999769808
89.88758578127478,90.00019982794062
89.74706893186836,90.0001980285557
89.55034918759135,90.00018891757679
89.29743516201104,90.00015772816748
88.9883447356956,90.00007380645904
88.62311014256204,89.99988189067425
88.20178415261077,89.99949150852531
87.72444731167693,89.99876455822594
87.19121617493657,89.99750117820261
86.6022524395924,89.99542406282123
85.957772843391,89.99216144639016
85.25805965015776,89.98722905435655
84.50347149318111,89.98001140637069
83.69445429508838,89.96974294620982
82.83155193323769,89.95548956177377
81.91541627827142,89.9361311358186
80.94681620694487,89.91034582456021
79.92664518553993,89.87659678593597
78.85592704330845,89.8331220621331
77.73581961082166,89.77792825450688
76.5676159871184,89.70878851013607
75.35274331937843,89.62324517083344
74.09275912220355,89.51861722699373
72.78934531895023,89.39201248615664
71.4443003403512,89.24034413031093
70.05952975019311,89.06035111953658
68.63703596961598,88.84862172397615
67.17890772972159,88.60161934799365
65.68730989091003,88.31570975901533
64.16447422698818,87.98718884964924
62.61269168853125,87.61231013768763
61.03430654348743,87.18731133046515
59.43171265627198,86.70843942993842
57.807352022634014,86.17197401412676
56.16371553800937,85.57424848239722
54.503345850860384,84.91166918340188
52.82884204541263,84.18073244687416
51.14286581283592,83.37803961033129
49.44814870621256,82.5003101696078
47.74750003054385,81.54439319196875
46.04381489128458,80.50727711854098
44.3400819095666,79.38609805657684
42.63939010530095,78.17814662996592
40.944934446683625,76.88087342706875
39.26001956224443,75.49189306712242
37.58806110527326,74.00898690911016
35.9325842455216,72.43010445947459
34.297218733839614,70.75336360758313
32.68568993474181,68.97704994193685
31.101805140707725,67.09961558913008
29.549434358885517,65.11967828729392
28.03248458190226,63.03602177466974
26.55486630392182,60.84759906292336
25.120450705021778,58.5535407954338
23.733015489385355,56.15317168103039
22.396176825634413,53.64603894847184
21.113304227253,51.03195786034951
19.887414604953754,48.311080468457476
18.721041288021095,45.48399478379111
17.616073858244555,42.55186198368113
16.57356568279707,39.51659852046777
15.593508831588814,36.381107020269006
14.674581577416822,33.14955335348882
13.813882795458092,29.82767592346868
13.00668049673738,26.42309658966403
12.246216884671835,22.94558249295802
11.523625233063434,19.4071900035194
10.828016927390367,15.822215955946218
10.146781717970452,12.206898557413695
9.466106765121618,8.578856349519684
8.771667406130808,4.956319786711735
8.049393596567592,1.357272109873086
7.286192874310522,-2.2013546055045423
6.47052495679818,-5.704300994493313
5.592767362867444,-9.138349095874347
4.645364877518562,-12.492435404955826
3.622797610710044,-15.757557373121056
2.521422901198083,-18.926546154103104
1.3392471283047096,-21.99377685216775
0.0756724939597164,-24.95487138988795
-1.2687509326743134,-27.806428937560163
-2.6925509587752092,-30.545801237279278
-4.193529635007409,-33.17091763428242
-5.7689291928708455,-35.680157116024084
-7.415569720766639,-38.07226097792599
-9.129962038577379,-40.34627855240065
-10.90839939442546,-42.50153867864193
-12.747031206553904,-44.53764052125852
-14.641921457423805,-46.45445852190962
-16.589093711411152,-48.252157446968575
-18.58456416895021,-49.93121455665493
-20.624363729408135,-51.492446815188984
-22.704549725027608,-52.9370417669432
-24.82120781087771,-54.266591210227276
-26.97044445226268,-55.48312709722486
-29.148370547274602,-56.589159159009064
-31.351076969468888,-57.58771357654068
-33.57460322788747,-58.48237157036975
-35.81490102772374,-59.27730605350171
-38.06779526563951,-59.97731350416479
-40.32894586361983,-60.58783704462225
-42.5938147317152,-61.11497551939578
-44.857642877290445,-61.565472416436585
-47.11544299845728,-61.946678132309685
-49.362012525644566,-62.26647975850993
-51.59197076013128,-62.53319460385183
-53.79982140822843,-62.75542717661165
-55.98003860216143,-62.9418940396759
-58.127170938221994,-63.10122606022207
-60.235954912330925,-63.24176197779556
-62.301427202677274,-63.371349737740665
-64.31902510650725,-63.49717187975471
-66.28466617504519,-63.625608340366625
-68.19480126898068,-63.76214500540115
-70.04643907265643,-63.911330444402324
-71.83714368351396,-64.07677777485479
-73.56500957155124,-64.26120451925739
-75.22861968014764,-64.46650107254048
-76.82699276420051,-64.69381790957134
-78.35952551478617,-64.94366250801781
-79.82593396475792,-65.21599859292961
-81.22619743676309,-65.51034222704128
-82.56050712100387,-65.82585111389497
-83.82922038802657,-66.16140504275917
-85.03282120043497,-66.51567660576629
-86.17188647925019,-66.88719216457103
-87.24705796901054,-67.27438358744013
-88.2590189841421,-67.67563158563416
-89.20847536299041,-68.08930161645222
-90.09613996789926,-68.5137733455619
-90.92272012148254,-68.9474646166777
-91.68890744071453,-69.38885079357514
-92.39536960844266,-69.83648023901596
-93.04274369832589,-70.28898659084985
-93.63163073957509,-70.74509839523354
-94.16259127020132,-71.20364656466633
-94.63614168126921,-71.66357004602497
-95.0527512003231,-72.12392001112829
-95.41283940059802,-72.58386281883953
-95.7167741549664,-73.04268194214532
-95.96486998098473,-73.49977900465626
-96.15738674704218,-73.95467402714195
-96.29452873055995,-74.40700494466465
-96.37644403842988,-74.85652641731876
-96.40322441830939,-75.30310792133108
-96.37490550779317,-75.74673107126316
-96.2914675875432,-76.18748608736392
-96.15283692472308,-76.62556728401137
-95.95888781493085,-77.06126741517583
-95.70944545439572,-77.49497067080866
-95.40428979930196,-77.92714407440184
-95.04316059504923,-78.35832698780443
-94.6257637836935,-78.78911838688033
-94.15177952046301,-79.22016153430478
-93.62087204662173,-79.65212564910368
-93.03270167107432,-80.0856841640821
-92.38693910024386,-80.52148918231735
-91.68328231636475,-80.96014180538509
-90.92147612833416,-81.40215812422672
-90.10133439588064,-81.84793085489889
-89.22276474728085,-82.29768688073752
-88.28579536725942,-82.75144133897548
-87.29060312691419,-83.20894936135609
-86.23754197598201,-83.66965712401189
-85.12717015115538,-84.13265443565797
-83.9602744239507,-84.59663161939768
-82.73788938725392,-85.05984381962679
-81.46130973979024,-85.52008597465844
-80.13209374353833,-85.97468143048398
-78.75205654143123,-86.42048646706982
-77.32325281932287,-86.853911877755
-75.8479492979747,-87.27096129399365
-74.32858860588632,-87.66728438357795
-72.76774703393393,-88.03824162778383
-71.16808933660711,-88.37897635252642
-69.53232400388005,-88.68448922823414
-67.86316224935482,-88.94971061958246
-66.16328340217913,-89.16956688531349
-64.4353085794867,-89.33903782432493
-62.68178360988099,-89.45320371462473
-60.905171322866586,-89.50728158623718
-59.10785261953789,-89.49665135244365
-57.29213524907198,-89.41687311400936
-55.460268938050326,-89.26369733523778
-53.61446542542572,-89.03306970555951
-51.756921997632574,-88.72113240915768
-49.889847245364855,-88.32422329739494
-48.015487931781195,-87.83887415681505
-46.13615603816056,-87.26180893760687
-44.25425521587272,-86.58994248680237
-42.372306011710634,-85.82038003701854
-40.492969343674595,-84.95041744517955
-38.61906778789721,-83.97754195982522
-36.7536042992061,-82.89943312024594
-34.899778033709744,-81.71396325437519
-33.06099697757587,-80.41919694384076
-31.24088711666292,-79.01338876357177
-29.443297909939606,-77.49497858115159
-27.672303856360987,-75.86258372081261
-25.93220196763757,-74.1149873638978
-24.227504971776312,-72.25112267982784
-22.562930062997648,-70.27005237096621
-20.943382964756037,-68.17094358865359
-19.373936957723917,-65.95303856182655
-17.859806306117367,-63.615621812366655
-16.406313141166482,-61.15798556958162
-15.018846258029077,-58.579396023546344
-13.702809356009407,-55.87906449300526
-12.463554878257504,-53.05612959233424
-11.306297639262366,-50.10965927363323
-10.235999718298922,-47.038685428449355
-9.257214561071807,-43.84228873964426
-8.373874006962302,-40.519757608034425
-7.588997724052913,-37.07085149804314
-6.904302088987675,-33.49620374914808
-6.319688681582123,-29.79789691111516
-5.832607893984985,-25.980226169508924
-5.437329759224258,-22.050620935869144
-5.124219260345191,-18.020610396737204
-4.879201172857061,-13.906601801341699
-4.683674121472906,-9.730136282032763
-4.5151245795283055,-5.517289257425603
-4.348532180490615,-1.2970819682958914
-4.158367659367134,2.9008548982198987
-3.920715534092888,7.048773646621775
-3.6149929038711757,11.12278724568681
-3.22492967077602,15.1039155034478
-2.738780651058488,18.978179643165994
-2.1489681394002105,22.73601606982434
-1.4514245776394057,26.371362983754583
-0.6448580144458655,29.88070355649094
0.2699251943442803,33.26222955746417
1.2905830902001354,36.51518794275037
2.413677562448867,39.639410957802305
3.635005430126934,42.63500195897787
4.949843562266425,45.5021415522278
6.353129832521929,48.24098111728539
7.839597922755419,50.85159683838602
9.403879601401707,53.33398378291635
11.040584194795823,55.68807509223133
12.744361870111213,57.91377567772241
14.509955046672355,60.01100305475026
16.33224061781349,61.979730321762304
18.206264546033836,63.820028025904186
20.12726965368728,65.5321029326738
22.09071695964056,67.11633267140593
24.092300624455735,68.57329595573833
26.127956399421507,69.90379864268135
28.193863382334385,71.10889633683051
30.28643883377525,72.18991459254433
32.402325782558734,73.14846802885846
34.538373140442296,73.98647985072336
36.69160805828788,74.7062033555043
38.859200305813125,75.31024697175674
41.038418576435596,75.80160418805757
43.22657885461087,76.18368932478235
45.42098539709378,76.46037940547569
47.61886554181528,76.63606131203916
49.81730053207885,76.71568188661291
52.01315585757093,76.70479665279763
54.20301621433443,76.6096104662428
56.3831318818618,76.43700096233809
58.54938472587124,76.19451370407107
60.69728258489696,75.89031726898281
62.82198981267813,75.5331080979029
64.91839868449976,75.13195949608458
66.98124116544655,74.69611677158042
69.0052338911521,74.23475004087078
70.98524265226875,73.75668549957125
72.91644814107345,73.27014215997244
74.79449379416268,72.78250196308642
76.61559971541642,72.300136178211
78.37663296226559,71.82830151342004
80.07513201414903,71.37110818383483
81.70928996324523,70.93155230358533
83.2779054645208,70.51159841352701
84.78031232440146,70.11229533232027
86.21629819543718,69.73390921885915
87.58602100207874,69.37606054253177
88.8899292988751,69.03785532471478
90.12869039235723,68.71800460381247
91.30312809802517,68.41492905913327
92.41417057675059,68.12684792130355
93.46280777386389,67.85185273421196
94.45005747156887,67.58796735691631
95.376938746316,67.33319597163755
96.24445159441721,67.08556094790782
97.0535615715363,66.84313232219876
97.80518842856526,66.6040504714211
98.50019788159364,66.36654334276373
99.13939580586292,66.12893938462472
99.72352428161483,65.88967712185675
100.25325903892077,65.6473121413664
100.72920794807433,65.40052210352222
101.15191028316084,65.14811026981579
101.52183655115599,64.88900793515447
101.83938872981206,64.6222760708232
102.10490079706246,64.34710641828094
102.31863946486779,64.06282222155801
102.48080505319075,63.768878744474755
102.5915324566595,63.46486368599247
102.6508921687125,63.15049758090182
102.65889133661656,62.82563425225535
102.6154748265104,62.49026136524754
102.52052628118066,62.14450111866049
102.37386915512651,61.78861109873223
102.17526771201464,61.42298531071779
101.9244279692038,61.04815539495488
101.6209985729137,60.664792026439976
101.2645715860972,60.27370648933079
100.85468316942054,59.87585240998447
100.3908141342628,59.47232762365812
99.8723903456739,59.06437614031296
99.29878295322756,58.65339016343083
98.66930842925309,58.24091210155861
97.98322839779864,57.8286364943741
97.23974924488641,57.41841175200146
96.43802151254341,57.01224157620267
95.57713909755628,56.612285892396386
94.65613830335818,56.220861068810656
93.67399683316616,55.840439128940424
92.62963286875176,55.47364556988253
91.5219044576766,55.12325527426702
90.3496095397138,54.792185837400694
89.11148708965162,54.48348741138996
87.80622004989249,54.20032787937895
86.4324409851029,53.94597179863168
84.98874172616023,53.72375107389683
83.47368869327656,53.537024729306005
81.88584610246976,53.38912443737303
80.22380985195285,53.28328166436356
78.4862555073025,53.222531481931696
76.67200434692305,53.2095874463187
74.78011168465936,53.24668177346379
72.80998130671257,53.33536585863041
70.7615083296688,53.47626875899107
68.6352494518528,53.668816522083375
66.43261380296245,53.910924090204254
64.15605918055479,54.19868420227388
61.809268230250076,54.52609295668654
59.39726966128584,54.88486563840531
56.926465401503556,55.264402398548015
54.40453093920567,55.65195370540106
51.84017600326018,56.033005742342716
49.24278343531301,56.391860158786734
46.62197586198316,56.71233504032355
43.987179597665445,56.9784836890991
41.3472542856502,57.17522786133339
38.710236090132646,57.288831370652815
36.083211646312,57.30718429614298
33.472311736179066,57.219909578261586
30.882795892861477,57.01833053557079
28.31919343826442,56.695347159876604
25.785469728631178,56.245265181047316
23.285194066640727,55.66361131517222
20.821694138382494,54.94695618768589
18.39818888134091,54.092756236338275
16.01789670416536,53.09921854115503
13.684119093697543,51.96518790190335
11.400301315876346,50.69005299560001
9.17007263141826,49.27366743292512
6.997268595056573,47.71628144409098
4.885937854613024,46.01848037450711
2.8403355699966593,44.181126915565116
0.8649052068800344,42.20530490200159
-1.0357499577648142,40.09226351679598
-2.8569047736730955,37.8433618530403
-4.593759373377794,35.46001502600627
-6.241496140977449,32.94364447998182
-7.795348202800409,30.295636901019904
-9.250682666047053,27.517318369772564
-10.603103857715745,24.60995322962742
-11.848584420422707,21.574780742549436
-12.983635247666946,18.413106963686342
-14.005528529707293,15.12647402477224
-14.912590648327663,11.716933009919751
-15.704581192741296,8.187447163081659
-16.383167148458554,4.542444250412356
-16.952481635082496,0.7885127472049298
-17.419718354609476,-3.0648125645676245
-17.795654865026215,-7.004306863918934
-18.094933177645025,-11.01257312007461
-18.33589192492378,-15.06809294984047
-18.539793575427485,-19.146025759155172
-18.729452209569907,-23.219765626451593
-18.927493871052157,-27.262971107662587
-19.15464568843636,-31.251567216603195
-19.428439172840676,-35.16523109883698
-19.76253451302152,-38.98810455594078
-20.16664642717459,-42.70876885981815
-20.646900353112933,-46.319709684312066
-21.206409598676604,-49.816542965928335
-21.845904854117283,-53.197213932137295
-22.564313941984615,-56.46129228639935
-23.35924703640046,-59.60941178022943
-24.22737942911692,-62.64285591985259
-25.164742462441964,-65.56326942814978
-26.16693979612217,-68.37246844610844
-27.229306354167175,-71.07232371591726
-28.347024791760532,-73.66469531511284
-29.51521112920533,-76.1514023837554
-30.728978228967904,-78.53421562134491
-31.98348336006003,-80.81486380365388
-33.27396423737183,-82.99504820039873
-34.59576656729825,-85.07646070313587
-35.944365171152306,-87.0608028595535
-37.31538009593641,-88.94980399652488
-38.704588676514355,-90.74523731094524
-40.10793422093146,-92.44893329700189
-41.52153180445158,-94.0627902204494
-42.94167154349139,-95.58878158660079
-44.36481965344925,-97.02896070851571
-45.787617557104724,-98.38546258598079
-47.20687929076846,-99.66050336906825
-48.619587445513524,-100.85637771301508
-50.022887875223034,-101.97545434182445
-51.41408339844205,-103.02017013240423
-52.79062671512232,-103.99302301395879
-54.15011275126574,-104.89656395250695
-55.490270633822185,-105.73338826085262
-56.808955485008006,-106.50612644254048
-58.10414020975554,-107.21743474625575
-59.37390743267673,-107.8699855763219
-60.616441722166996,-108.46645787658693
-61.8300222195273,-109.00952757990764
-63.01301577065362,-109.50185819417737
-64.16387063730768,-109.94609157866185
-65.28111084458348,-110.34483895132637
-66.36333120123753,-110.70067215865863
-67.40919301036422,-111.01611523382617
-68.41742046977566,-111.29363626631192
-69.38679774469435,-111.53563960577992
-70.31616668030223,-111.74445842408747
-71.20442510861578,-111.92234766129603
-72.05052569336435,-112.07147738346576
-72.85347524828885,-112.19392658123448
-73.61233445873619,-112.291677438077
-74.32621793370556,-112.36661009526082
-74.99429451559797,-112.42049793659389
-75.61578777770738,-112.45500341003715
-76.18997664471691,-112.4716743952821
-76.71619607875643,-112.47194111681776
-77.1938377824662,-112.4571135913536
-77.62235088044527,-112.42837958736601
-78.00124255085684,-112.38680306371101
-78.33007858922515,-112.33332304442095
-78.60848389603844,-112.26875287865396
-78.83614288819373,-112.19377982887454
-79.01279984120606,-112.1089649271453
-79.13825917420621,-112.01474303917182
-79.21238569294867,-111.91142307854737
-79.23510480736141,-111.7991883193861
-79.20640273973058,-111.67809676393968
-79.12632673767787,-111.54808153243363
-78.99498530299218,-111.40895125469156
-78.8125484435208,-111.26039045650265
-78.57924795114545,-111.1019599474492
-78.29537770480592,-110.93309723034925
-77.96129399401643,-110.75311696491389
-77.57741585572215,-110.5612115290569
-77.14422541597908,-110.3564517299994
-76.66226822802888,-110.13778772348071
-76.13215359999913,-109.90405020274768
-75.55455490868951,-109.65395191943331
-74.93020990058585,-109.38608959599868
-74.25992098714238,-109.09894628429738
-73.54455554814413,-108.79089421737427
-72.785046264176,-108.46019819228748
-71.98239150639021,-108.10501951108532
-71.13765581835126,-107.72342049565873
-70.25197053022181,-107.31336958059664
-69.32653454944068,-106.872746976919
-68.3626153739042,-106.39935088907201
-67.36155037315243,-105.89090425814277
-66.32474837994464,-105.34506199603206
-65.25369162876098,-104.7594186683079
-64.14993806917718,-104.13151657749289
-63.015124070825536,-103.45885419333618
-61.85096752296109,-102.73889487181755
-60.65927131575791,-101.9690757998153
-59.44192717267389,-101.14681709713996
-58.20091978387806,-100.26953100165987
-56.93833117017054,-99.33463105631368
-55.65634518535773,-98.33954120889841
-54.357252042940274,-97.28170472686519
-53.043452730417904,-96.15859282047737
-51.717463151576176,-94.9677128594875
-50.38191781368763,-93.70661606231205
-49.039572852270666,-92.37290453438638
-47.6933081601904,-90.96423753646033
-46.34612835924968,-89.478336877296
-45.001162319124184,-87.9129913527478
-43.66166088774923,-86.26606019991387
-42.33099244506394,-84.53547560782151
-41.01263582278242,-82.71924443373928
-39.71017003902642,-80.81544942792588
-38.427260168226944,-78.82225048370807
-37.16763849090275,-76.73788672216104
-35.93507982906923,-74.56068061335607
-34.73336965305888,-72.28904585500196
-33.566263125843214,-69.92150140231482
-32.43743271678551,-67.45669489536435
-31.350401366241755,-64.89343977376897
-30.308457443390044,-62.230771580794375
-29.31454699879897,-59.468030244833464
-28.3711382625013,-56.60497625713564
-27.48005334089084,-53.64194918722849
-26.642263232926982,-50.580076103541735
-25.857645529447243,-47.421533987657114
-25.124710629294288,-44.16986257229096
-24.44031305606311,-40.83031066868137
-23.799379636312562,-37.41017954813013
-23.194703802343838,-33.919103761253886
-22.616869368140087,-30.369190184593666
-22.054368394584692,-26.77493233413997
-21.49395649274176,-23.15284205566687
-20.921242253511288,-19.52079883491078
-20.32144649843455,-15.897194192734538
-19.68021591421308,-12.300013568510128
-18.98435907154894,-8.746018546675781
-18.222399283860568,-5.250157388074674
-17.384894231548593,-1.8252601843980718
-16.464530658757305,1.5179992232465829
-15.456042498152339,4.770941741084555
-14.356015599704488,7.926605301633851
-13.162637193923919,10.979425061050437
-11.875433267332227,13.924924386554984
-10.49502054269005,16.759447143206526
-9.02288630984002,19.479944066881306
-7.461200279775095,22.083814386227658
-5.812657467000684,24.568797492270505
-4.080348752955568,26.932906789459782
-2.2676551800812765,29.174397445419043
-0.37816236728258706,31.291760528696283
1.584407801097976,33.28373731495811
3.616250184221139,35.14934897425595
5.713515231588745,36.88793823189866
7.872334096953313,38.49922083071703
10.088829892918692,39.98334566407541
12.359114582716064,41.34096325357807
14.67927083900922,42.57330275093372
17.045318298553788,43.682257753185496
19.45316409226058,44.670480795929926
21.89853844850316,45.541485255984995
24.376917680396716,46.29975137365545
26.883439066956306,46.95083008040363
29.412814994820653,47.50143436363208
31.95925697021259,47.95950345106456
34.51642309795632,48.33422112434713
37.077404290277556,48.63596754324061
39.634763472525464,48.87618600814992
42.180637238525684,49.0671537228277
44.70690052451125,49.22165908813486
47.2053832437208,49.35260529598443
49.66811643296658,49.47257655463422
52.08757802969332,49.593413703021
54.4569077253402,49.7258462262892
56.77006683297267,49.87921728873589
59.021930494972615,50.06132080134799
61.208312048139156,50.27835039872359
63.32592943919209,50.534944746933974
65.37232931559988,50.834304710145446
67.34578572790869,51.17835569825462
69.24518844695598,51.56793126367181
71.06993229628786,52.00295937107875
72.81981496147463,52.482638725342284
74.49494729650395,53.005597839905306
76.09567755616798,53.57003360109783
77.6225292665294,54.17382886692694
79.07615145866063,54.814650325273504
80.4572795371714,55.49002870578542
81.76670495062606,56.197423760038454
83.00525193100445,56.934276410407534
84.17375977200345,57.69805027326969
85.27306935580522,58.4862644874843
86.30401287664148,59.29651948545142
87.26740592714297,60.126517064772884
88.1640413017335,60.97407586930092
88.99468402862757,61.83714317424745
89.76006727033891,62.71380369028408
90.46088883567865,63.6022859525438
91.09780812821519,64.50096673736815
91.67144342120233,65.40837384759683
92.18236940080897,66.32318752156719
92.63111496138204,67.244240647707
93.01816127122974,68.17051790218328
93.34394015736083,69.10115386859194
93.6088328846638,70.03543014375343
93.8131694306741,70.97277138043503
93.95722838247839,71.91274016488178
94.04123760812993,72.85503057361716
94.06537588137107,73.79946019998677
94.02977566499219,74.74596038720797
93.93452728345265,75.694564353326
93.77968473697676,76.64539284816671
93.56527342329966,77.59863694891563
93.29130003391475,78.55453758771269
92.95776487141919,79.51336142292784
92.56467678375407,80.47537272981918
92.11207081866534,81.44080111263337
91.60002855614961,82.40980504604957
91.02870086855715,83.3824315536997
90.3983325835251,84.35857273202208
89.7092881904715,85.33792032088522
88.96207735917434,86.31992007763546
88.15737867127565,87.3037282687205
87.29605966581796,88.28817306208614
86.37919114742868,89.27172386956909
85.40805378187132,90.25247163245191
84.38413536977244,91.22812257298462
83.30911786105872,92.19600702168073
82.18485409928478,93.15310364035675
81.0133353448172,94.09607786208842
79.7966516445817,95.02133190636339
78.53694790787932,95.92506256575672
77.23637896557942,96.80332231308947
75.89706686728329,97.65207924750639
74.52106323822292,98.46727195024224
73.1103187874394,99.2448563045713
71.66666118835114,99.9808425326953
70.19178169890932,100.67132189563847
68.68723017167487,101.31248351915585
67.15441759120179,101.90062255127972
65.59462498124103,102.4321413006109
64.00901742229345,102.90354517922792
62.39866196414399,103.31143524141442
60.76454835572506,103.65249893930046
59.10761169875919,103.92350047239789
57.42875632561984,104.1212718388848
55.72888038116952,104.24270543508507
54.0089007389904,104.28474881412892
52.269777998476215,104.24440201243586
50.51254139021443,104.11871768317482
48.73831346570875,103.90480413468877
46.94833446817461,103.59983125256089
45.14398627890659,103.20103917977015
43.32681581364595,102.70574953413218
41.498557710364096,102.11137885107608
39.66115610859645,101.41545384938736
37.81678527542089,100.61562802604757
35.96786878881466,99.70969899346854
34.11709694988465,98.69562587945359
32.267442065806904,97.57154601961898
30.42217122965658,96.3357900873586
28.584856225906268,94.98689473213183
26.759380215061324,93.52361173776534
24.94994090081122,91.94491267353771
23.161049960225977,90.24998799666433
21.397528622383103,88.43823957925835
19.66449941178378,86.50926567864735
17.96737422581136,84.46283744853406
16.311839082872357,82.2988662002598
14.703836048303929,80.01736076830723
13.14954300211094,77.61837451325178
11.655352032815019,75.10194171374499
10.227847292261975,72.4680033708486
8.87378307977089,69.71632280436613
7.600062670258578,66.84639192357102
6.413717852464911,63.85732981821171
5.321888131559702,60.74777654202283
4.331796806841822,57.51578699667649
3.4507182317514316,54.158733247777626
2.6859258259903966,50.673229355189946
2.0446028142629227,47.05510234073328
1.5336857703196227,43.299448370068475
1.1595931374342585,39.400837247279604
0.9277658758914201,35.353763026127645
0.8419175549885143,31.15348186938743
0.902869127812673,26.79741474484491
1.1068650443108115,22.287275303658397
1.4434048281283445,17.631914125169303
1.8929697660621863,12.850420150561533
2.425569815600142,7.974287309075349
3.0014370172869125,3.0468894542999916
3.5747463428731483,-1.8809430870529762
4.099660410124475,-6.758370118701113
4.536372939634688,-11.541982673247329
4.854828035985329,-16.200213989065574
5.035415300180586,-20.71385259479109
5.067522733636853,-25.07386849235086
4.947272278092708,-29.278309461956475
4.675361041597429,-33.32945778988089
4.255386344366763,-37.23170498009573
3.6926879345930326,-40.990152364373905
2.993603765712472,-44.609776965602755
2.1650145600291846,-48.09498503937116
1.214074553137566,-51.44941227238582
0.14805566872055642,-54.67587292517105
-1.025742600513996,-57.776394846353305
-2.3000474121328063,-60.75230123010662
-3.6676487844317394,-63.6043153694912
-5.1214280672460415,-66.33267413913525
-6.654384176490409,-68.93724164784875
-8.259660166894912,-71.41761790037617
-9.930570955443066,-73.77323933735154
-11.660631987532595,-76.00346936176082
-13.443588091736874,-78.10767775374147
-15.273441528508659,-80.0853084229076
-17.144478194361145,-81.93593535952914
-19.051291023338102,-83.65930698087027
-20.988799781515933,-85.2553793542212
-22.9522666415664,-86.72433902423936
-24.93730712630279,-88.06661638149522
-26.93989620285488,-89.28289068088807
-28.95636947834204,-90.3740879521377
-30.983419583778026,-91.34137314075002
-33.018087929302204,-92.18613787981032
-35.05775206762369,-92.90998532603035
-37.100108913219664,-93.51471350480368
-39.143154033807704,-94.00229860676696
-41.18515716110502,-94.37487967067321
-43.22463396480768,-94.63474608105595
-45.26031400413722,-94.7843293079125
-47.29110462548198,-94.82620031773467
-49.31605042795213,-94.76307408030185
-51.3342877943618,-94.59782256042152
-53.344993918373625,-94.3334974765628
-55.34732980081473,-93.97336386287066
-57.34037691144164,-93.52094499151045
-59.32306770982866,-92.98007837278054
-61.29411109736455,-92.35498120640041
-63.25191522838873,-91.65032167952666
-65.19451198025975,-90.87128985029892
-67.11948966920106,-90.02365867044456
-69.02394296168198,-89.11382247175312
-70.90445071061907,-88.14879789820948
-72.75709268394122,-87.13617214557208
-74.57751381968106,-86.08398689435745
-76.36103911205234,-85.00055432028338
-78.10283389059653,-83.8942134344859
-79.79809485929239,-82.77304820645165
-81.4422496487453,-81.64459943334825
-83.03113961192047,-80.51560620159563
-84.56116353881384,-79.39180817186637
-86.02936800517837,-78.27782813812826
-87.43348047378444,-77.17713930859965
-88.77189080095788,-76.09210814451075
-90.04359315034075,-75.02409464191493
-91.24810275503542,-73.97358863914141
-92.38536114304537,-72.94036211397787
-93.45564065733706,-71.92362160179962
-94.45945565561972,-70.92214995272678
-95.39748457359285,-69.93443134991813
-96.27050453049056,-68.95875718752319
-97.07933844851851,-67.99331291467371
-97.82481365004236,-67.03624743657139
-98.50773041378375,-66.08572737959344
-99.12883883823184,-65.1399787299973
-99.68882243409769,-64.19731825338539
-100.18828704578262,-63.25617684364057
-100.62775391851677,-62.31511663216052
-101.00765594443077,-61.37284336772462
-101.328336317392,-60.42821528383299
-101.59004899470634,-59.480249416354795
-101.79296050223732,-58.52812612235805
-101.93715273011,-57.571192378401086
-102.02262645244704,-56.60896429836765
-102.04930537042318,-55.64112920149557
-102.01704052702036,-54.66754747517783
-101.92561497746884,-53.68825440963043
-101.77474862418538,-52.70346212860833
-101.56410314127048,-51.713561698751334
-101.29328692305556,-50.71912546728335
-100.96185999516891,-49.7209096516863
-100.56933882619062,-48.719857184134796
-100.11520097403472,-47.71710079682188
-99.59888949440142,-46.71396632107015
-99.01981702953938,-45.71197616280533
-98.37736948462553,-44.71285290926964
-97.6709091867501,-43.71852301661525
-96.89977740822604,-42.73112052517791
-96.06329612219366,-41.75299074875491
-95.16076884479337,-40.78669388602353
-94.19148040517115,-39.8350085061284
-93.15469547306303,-38.90093486597665
-92.04965566471974,-37.98769802301665
-90.87557504289349,-37.09875071268868
-89.6316338274824,-36.237775961759674
-88.31697014302918,-35.40868940332643
-86.93066965171127,-34.61564124009982
-85.47175296184231,-33.863017760087054
-83.93916077137578,-33.15544222853394
-82.33173681725198,-32.49777484038027
-80.64820887548996,-31.895111186384092
-78.8871683250865,-31.352778315920656
-77.0470491980669,-30.87632690034753
-75.12610825808254,-30.47151711109957
-73.12240858204775,-30.144294481152922
-71.0338105064031,-29.90075001595104
-68.85797583357459,-29.747055895686515
-66.59239411000682,-29.689363950167014
-64.23444381936582,-29.733648394653763
-61.78150658542639,-29.885467012034308
-59.231158604253665,-30.149606654418154
-56.58146909438046,-30.52957181706888
-53.83143696312087,-31.026874457756197
-50.98158699167276,-31.640099593870303
-48.03471446884902,-32.36377051645597
-44.99670073878715,-33.18713596620676
-41.87722207260449,-34.09314758266334
-38.69007513540178,-35.0580382700491
-35.452825009832125,-36.051933188306386
-32.18563472121872,-37.04069752449719
-28.90945157163525,-37.988760461080325
-25.644034741253304,-38.86220081246056
-22.406385247741596,-39.63126362350767
-19.2099253423979,-40.27178450954941
-16.06443983401581,-40.765485374086154
-12.976553604432311,-41.099456895897525
-9.950459296777913,-41.26523861821746
-6.988672449551037,-41.25782201352073
-4.092689783117398,-41.07476221894708
-1.2635057527230733,-40.715469227004284
1.49801109874069,-40.18068068970851
4.190860410024056,-39.47208769078211
6.813744731421557,-38.592076698788645
9.364973046385881,-37.54355353545687
11.842414139768945,-36.32982157963386
14.243485550328161,-34.9544932050419
16.56516766781758,-33.42141932093848
18.804035369668057,-31.734626550765142
20.956301583210422,-29.89825514984266
23.01786852476166,-27.916493451580237
24.98438331838791,-25.79350666640001
26.85129541583466,-23.533359429777054
28.613913875412244,-21.13993276566098
30.26746324123588,-18.61683724469206
31.807137618308694,-15.967325226338586
33.22815369726892,-13.194206366987185
34.525805109387385,-10.29977230087288
35.69552280332007,-7.285738899129078
36.73294941354377,-4.153218243984368
37.634040179659976,-0.902737994903363
38.39520920129976,2.4656662324364684
39.01354773293203,5.952249208166741
39.487150010014524,9.557196360751092
39.81558876210603,13.280046471289111
40.000579782619305,17.11883795264584
40.04684853609768,21.06895106311394
39.96314123577491,25.121708730362407
39.76319263783146,29.262971344827836
39.466294834868606,33.47219007988556
39.097007103932505,37.722535031393164
38.683674419773645,41.982560749708064
38.255864826897096,46.21929324147008
37.84139035697171,50.40188488262741
37.46382239013174,54.50465030098986
37.141133455175414,58.50866155749375
36.885535918579706,62.401821557237085
36.70416113706046,66.17789248923533
36.6001137252974,69.83508961430842
36.573549415701045,73.37469163748824
36.62259427875813,76.79989200670327
36.74405126539162,80.11494771933297
36.933908489718206,83.3245956433149
37.187688817959945,86.43367714454327
37.500682614416505,89.44691194213345
37.86809876345255,92.36877311212088
38.28516044447536,95.20342782237267
38.74716446107655,97.9547191732483
39.24951699025657,100.62617264496491
39.78775434015222,103.2210163843682
40.35755434398935,105.74220845358299
40.954742019282065,108.1924667394489
41.575291794360254,110.57429890168993
42.215327734368536,112.89003081915028
42.87112263500479,115.14183268310114
43.53909649136325,117.33174232220472
44.215814622024006,119.46168561560935
44.89798558881792,121.53349401756951
45.58245896986294,123.54891931681877
46.266222997227544,125.50964581098717
46.94640204750664,127.4173001061992
47.620253964822574,129.27345876454478
48.28516719544226,131.07965402371423
48.938657717505265,132.83737780777176
49.57836575581409,134.54808423840313
50.20205227868748,136.21319084368344
50.80759528057304,137.83407864756586
51.39298585992695,139.41209130862558
51.956324106541835,140.948533461599
52.49581481596755,142.44466840029492
53.009763050971856,143.9017152257725
53.49656957124582,145.320845569472
53.95472615293104,146.70317998739077
54.38281081920797,148.04978410852664
54.77948300231419,149.361664608746
55.143478656129254,150.63976507003278
55.47360533702529,151.8849617747828
55.768737269179766,153.0980594754524
56.027810409100105,154.27978717147357
56.24981752282326,155.43079391792247
56.433803288213305,156.5516446839827
56.578859434058856,157.6428162737916
56.684119927328894,158.70469331780558
56.74875622002957,159.73756433938652
56.77197256765709,160.7416178989176
56.75300143229827,161.71693881643375
56.691098985022926,162.66350447353855
56.58554072436994,163.58118119632405
56.43561723047857,164.46972072317175
56.240630077784566,165.32875676475552
55.99988793320829,166.15780166836305
55.712702871426465,166.95624320487087
55.378386944148616,167.7233415044212
54.996249046307824,168.45822617610526
54.56559212869605,169.15989365779578
54.08571081377116,169.82720485468167
53.5558894790405,170.45888313898558
52.9754008804349,171.053512798654
52.343505396212834,171.6095380392718
51.659450979881186,172.1252626607099
50.922473917991105,172.59885054755142
50.131800494962334,173.0283271294636
49.28664967167933,173.41158198347398
48.38623688673795,173.74637276342781
47.42977908803004,174.03033065136157
46.416501096866526,174.26096752950752
45.345643396025096,174.43568506833753
44.21647141593695,174.55178591353265
43.02828636875599,174.60648713110362
41.78043764754491,174.59693603332076
40.472336766870924,174.5202284572663
39.10347277183415,174.37342950195404
37.67342898572123,174.15359664926058
36.18190090365792,173.85780509976988
34.62871497330658,173.48317504989112
33.01384793723357,173.02690052571003
31.337446349331028,172.48627927802258
29.59984582454982,171.85874313934187
27.801589542436428,171.14188815584183
25.943445505667167,170.3335037440499
24.026422059339257,169.4316000920028
22.05178120831563,168.43443303450186
20.021049329710294,167.34052568663145
17.936024964696138,166.14868622023727
15.798783484864241,164.85802131226663
13.611678557689888,163.46794497553344
11.377340475645669,161.9781826917889
9.098671555191869,160.38877099129925
6.778838945756431,158.70005284802212
4.421265305646829,156.91266946997558
2.029617893391017,155.02754924630932
-0.3922033173380566,153.04589475355192
-2.840077867982518,150.969168813791
-5.30967677547417,148.79908063042663
-7.796473663822555,146.53757299895855
-10.295754603337203,144.1868115001083
-12.80262632619753,141.74917643186348
-15.312022653045794,139.22725802906842
-17.818709160508316,136.62385525891312
-20.317286338311888,133.94197817469802
-22.8021917193821,131.18485346726143
-25.26770170685158,128.3559324850276
-27.70793405475659,125.45890061528404
-30.116852166784863,122.49768655161321
-32.48827253786556,119.4764696418338
-34.81587675099817,116.3996832496796
-37.093229428769355,113.2720119087118
-39.313803398841756,110.09838003713658
-41.47101304432162,106.88393015235239
-43.55825636368108,103.63398889895488
-45.568965668446104,100.35401979027033
-47.49666612979202,97.04956234258708
-49.3350406010788,93.72615820432293
-51.07799836723695,90.38926587047082
-52.71974479256998,87.04416652288984
-54.25484834594146,83.69586433507823
-55.67830125210161,80.3489851178302
-56.985570096159094,77.00767737658447
-58.17263310027704,73.67551966040459
-59.23600145829173,70.35543751448911
-60.17272297599708,67.0496324600978
-60.980367215976166,63.75952431333026
-61.65699227003848,60.485706933044604
-62.201094071876184,57.22791627322853
-62.61153973287224,53.98500850104262
-62.88748668187164,50.754944989337076
-63.02828939452662,47.534780222196176
-63.033395216404685,44.320648044973424
-62.90223024174787,41.10774119407885
-62.63407544037976,37.89027858053978
-62.227932263019326,34.66145428698371
-61.682375832320034,31.41336158399657
-60.99539258112769,28.136884415901573
-60.16419790171155,24.821547749643145
-59.1850281918733,21.455317080439297
-58.052901052482966,18.024336760411227
-56.76133833154924,14.512598000798274
-55.30205161260307,10.901533604097684
-53.66460406111873,7.169555133216126
-51.83609846845113,3.2915960949230447
-49.801025392720625,-0.7611614053837306
-47.541591782108775,-5.020943234583196
-45.03923466184301,-9.52145701567068
-42.27870190146848,-14.292467064025557
-39.256827615270495,-19.347882504779164
-35.99732241405764,-24.66540869308242
-32.56654495362309,-30.164537134952223
-29.07351041053923,-35.70594840395641
-25.640370762970242,-41.13154540039491
-22.36168724351315,-46.320058754643526
-19.286112214762596,-51.21191539336376
-16.424695654755933,-55.79764578745673
-13.767424710029188,-60.0952214726492
-11.295723488610887,-64.1331216272837
-8.989198633786915,-67.94135059002289
-6.828593712119123,-71.54762907162873
-4.796804740248165,-74.97619161416
-2.879033132019461,-78.24771645986445
-1.0626023387111185,-81.37967703957273
0.6633269074907894,-84.38680401747087
2.308045813805596,-87.28153379600863
3.8795559002759985,-90.07440152783977
5.384787429001559,-92.77437076627913
6.829779171673084,-95.38910479195088
8.219824304233873,-97.92518855449266
9.559587865612883,-100.38831044613072
10.853200777015948,-102.78341210532723
12.104334650613298,-105.11481310370928
13.316260834396948,-107.38631607308874
14.491896459713095,-109.60129670059298
15.633839712259487,-111.76278207230105
16.74439613565854,-113.87352005360167
17.82559748683081,-115.93604172153448
18.8792144787711,-117.95271827633466
19.906764652568288,-119.92581332940348
20.909516599029534,-121.85753097635363
21.888491780950748,-123.75005961193288
22.844465265844843,-125.60561103665093
23.777966737080362,-127.42645406349956
24.689283176249667,-129.21494158834858
25.578464567240896,-130.97352997617668
26.445333832424204,-132.70478967218665
27.28950195285674,-134.41140619539635
28.110388843304854,-136.09617111397708
28.907250066904908,-137.76196320793008
29.679208924759546,-139.41172073431488
30.425292904038056,-141.048406433799
31.14447298632684,-142.67496755046318
31.83570397543865,-144.2942935795459
32.4979638526764,-145.90917463532955
33.13029023061882,-147.52226321080997
33.73181224231854,-149.13604169888566
34.301776627915466,-150.75279742395122
34.8395672994191,-152.37460618680188
35.34471820294458,-154.00332455963675
35.81691978822301,-155.64059047726545
36.25601978708393,-157.2878311258617
36.66201926794911,-158.94627676928656
37.03506506714385,-160.6169789799487
37.37543971350329,-162.30083173504534
37.683549885675646,-163.9985939620893
37.959914301964,-165.7109123257791
38.205151769929444,-167.43834329928427
38.41996994205339,-169.18137382187805
38.605155152779304,-170.94044008619954
38.76156356276427,-172.71594420669854
38.890113713845324,-174.50826868884224
38.99178050425183,-176.31778874563318
39.06759052613375,-178.1448825972588
39.11861866296527,-179.98993994693578
39.145985818550315,-181.85336885773762
39.150857637915294,-183.73560126780646
39.13444407944856,-185.63709738055104
39.09799970397876,-187.55834915697662
39.04282455749429,-189.49988312290574
38.970265537959776,-191.46226268733682
38.88171815180956,-193.44609015153281
38.778628581285396,-195.45200857298914
38.66249599928874,-197.4807036350508
38.534875083565915,-199.53290566214454
38.39737869676083,-201.60939191262938
38.251680713219066,-203.71098927627276
38.09951898756468,-205.83857750138577
37.94269847421161,-207.99309307772535
37.7830945213663,-210.1755339054488
37.62265637799416,-212.38696488778723
37.463410967932106,-214.62852459585432
37.307467002095336,-216.90143316837
37.15701951778534,-219.2070016273848
37.01435495364463,-221.54664281372217
36.88185688991323,-223.9218841732401
36.76201260625184,-226.3343826575316
36.65742063314451,-228.7859420405469
36.570799496927805,-231.27853299564623
36.50499788111858,-233.81431632478524
36.4630064448182,-236.3956697804064
36.44797154706483,-239.02521896597477
36.463211114607496,-241.70587283305815
36.51223284353904,-244.44086429335536
36.59875481525706,-247.23379640105694
36.72672838840369,-250.088694378388
36.90036282373352,-253.01006335842817
37.124150379397264,-256.0029509386451
37.40288936513804,-259.0730121943447
37.741700510072846,-262.22657221917706
38.14602840028513,-265.47067675333864
38.6216137573674,-268.81311375777204
39.17441256126933,-272.2623759337349
39.810422557696775,-275.82751341562766
40.535354489457085,-279.51779407285153
41.35405400814714,-283.342044812931
42.26954688728789,-287.3074984229553
43.281569312502796,-291.4179487149841
44.384517656294705,-295.671104099381
45.56501237169937,-300.0553693478611
46.79979401044989,-304.54698659233367
48.05526851010166,-309.10928556687827
49.290014605216854,-313.6958120039669
50.460258036958386,-318.25736074428823
51.52630427521999,-322.75023623167635
52.45717169641577,-327.14206580625836
53.23204433810135,-331.41336568374857
53.83913244658444,-335.55570830779294
54.27338452661757,-339.56845693780167
54.53419428254418,-343.45559065598286
54.62361475399151,-347.22327568429563
54.545152338957124,-350.878249440229
54.3030296854867,-354.4268472039155
53.90177366642444,-357.8744677551516
53.346009384343446,-361.22531504498744
52.64037633052572,-364.48230458824713
51.7895120763698,-367.6470646892024
50.798069389808106,-370.7199909019828
49.670745974149405,-373.7003299103614
48.412314340320165,-376.5862796045574
47.02764445398369,-379.3750981518647
45.52171498951657,-382.0632180821658
43.89961106097879,-384.6463629726031
42.16650766021177,-387.1196649212715
40.32763898714105,-389.47778108181114
38.388254556485,-391.71500735935143
36.353563483990555,-393.825387114013
34.22866872821993,-395.80281249005213
32.01849330433703,-397.64111585586863
29.727700600870897,-399.33414884490503
27.360610928079215,-400.8758466545333
24.92111632571283,-402.2602756040361
22.412595492637525,-403.4816624877549
19.83783052735655,-404.5344050116659
17.198927076061317,-405.41306362890236
14.49723961169142,-406.1123365112602
11.733304129270774,-406.62702143645765
8.90678187970154,-406.9519714416345
6.016420416481722,-407.0820558881306
3.0600430492677226,-407.01214624084736
0.034586086759353526,-406.7371581558542
-3.0637831449669335,-406.2522008973165
-6.239413422263492,-405.55291457187576
-9.496697920517262,-404.6361166568628
-12.83926467205851,-403.5009261806617
-16.268688085953876,-402.1505602558532
-19.782621331203416,-400.59493202850194
-23.37244875066436,-398.8538868096735
-27.021013374172345,-396.96025898778527
-30.70159503544458,-394.96105508110253
-34.379540485628155,-392.9147700762454
-38.01697726724347,-390.88425980959477
-41.57905451581361,-388.9274507215053
-45.03894228636381,-387.08989478034067
-48.379772416119636,-385.40179810468015
-51.593744299150956,-383.8792109278839
-54.67980005140701,-382.52735562947885
-57.64115463639977,-381.34422627723956
-60.48332333102927,-380.3235116150647
-63.21277665442144,-379.4566328087558
-65.83611835745015,-378.73403146941376
-68.35962999757311,-378.1459250620165
-70.78904851019476,-377.68271858526197
-73.12948234189129,-377.3352077874414
-75.38540539725302,-377.0946620119256
-77.5606918454025,-376.9528409884125
-79.65867016314587,-376.901977852284
-81.68218417975497,-376.93474700019425
-83.63365445696394,-377.0442271509642
-85.5151365645238,-377.22386511531374
-87.32837464202008,-377.4674429535181
-89.07484965079232,-377.7690495925065
-90.7558222618848,-378.1230570850667
-92.37237060079305,-378.52410122628714
-93.92542319597962,-378.96706601973005
-95.41578752403183,-379.44707140370485
-96.84417454874462,-379.9594636447386
-98.21121963597398,-380.4998078444976
-99.51750020252634,-381.06388206652616
-100.76355043165142,-381.6476726576275
-101.94987336272926,-382.24737040817297
-103.07695063959243,-382.85936726191227
-104.14525018081277,-383.4802533466885
-105.15523201601046,-384.1068141517194
-106.10735251446069,-384.73602772438534
-107.0020672156251,-385.36506179979716
-107.83983245541627,-385.99127081011056
-108.62110596679629,-386.61219274808553
-109.34634661857035,-387.2255458813184
-110.01601344189528,-387.82922533052334
-110.63056408006301,-388.4212995378328
-111.19045278356171,-389.00000665993804
-111.69612805930859,-389.563750926597
-112.1480300703417,-390.1110990081367
-112.54658787020855,-390.6407764365849
-112.8922165448467,-391.15166412441823
-113.18531432394748,-391.64279502302486
-113.42625971365257,-392.1133509601745
-113.61540869295497,-392.5626596923799
-113.75309200734944,-392.9901922042559
-113.83961258507287,-393.39556028304344
-113.8752430936493,-393.7785143925342
-113.86022364735153,-394.1389418668383
-113.79475966954533,-394.4768654408882
-113.67901990761796,-394.7924421313537
-113.5131345922291,-395.08596247882036
-113.29719372687248,-395.3578501597129
-113.03124548811219,-395.6086619745718
-112.71529471126586,-395.839088217963
-112.34930143065716,-396.04995343455306
-111.93317943775979,-396.24221756576924
-111.46679481451496,-396.41697749202666
-110.94996439273775,-396.5754689768006
-110.38245408375248,-396.71906902090745
-109.76397701514064,-396.8492986382844
-109.09419140368551,-396.967826068378
-108.37269808521299,-397.076470444987
-107.59903761304993,-397.177205947046
-106.77268682728544,-397.2721664632915
-105.89305478704256,-397.36365080982756
-104.95947794778354,-397.45412854688726
-103.97121445570403,-397.5462464478886
-102.92743742223792,-397.6428356790188
-101.8272270347721,-397.7469197491585
-100.6695613567433,-397.8617232849709
-99.45330567434655,-397.99068166971887
-98.1772002628119,-398.1374515495684
-96.83984647991345,-398.30592214657156
-95.43969115940092,-398.50022720605773
-93.97500938989933,-398.7247572216242
-92.4438859524117,-398.984171283577
-90.8441959929496,-399.2834074265307
-89.17358598812311,-399.6276896191019
-87.42945681339555,-400.02252841053
-85.60895188136057,-400.4737105338702
-83.70895507125594,-400.98727019591263
-81.7261057731425,-401.56943101110977
-79.65684211699023,-402.22650215935914
-77.49748860531932,-402.9647050380803
-75.24441090180441,-403.7898975271312
-72.89426762454059,-404.70715326787996
-70.44439399500118,-405.72014700908346
-67.89334903158004,-406.8303029198573
-65.24163570807467,-408.03569654964684
-62.49254761556612,-409.32978346716897
-59.652997702427456,-410.70017017791537
-56.73406479345711,-412.12781595896917
-53.75092518721527,-413.5871517177505
-50.72192966156605,-415.04746584111075
-47.66688712352143,-416.475470836862
-44.60499048022325,-417.8384215889235
-41.55300322009707,-419.10688702926706
-38.52417160315207,-420.25649230612595
-35.52796958289723,-421.26846108468027
-32.57048024005302,-422.12922712564824
-29.65510759354302,-422.82954890606015
-26.78336104051854,-423.3634977565814
-23.95556042203198,-423.72754169720173
-21.171401758588555,-423.91981583173566
-18.43037959230347,-423.9395890292163
-15.732086849966134,-423.78689917076616
-13.076419481630403,-423.46231850554983
-10.463710765793275,-422.9668126860629
-7.894814947220284,-422.30166354740135
-5.371154559117451,-421.4684326747158
-2.8947414041894155,-420.46894876147695
-0.4681779285539752,-419.305306377746
1.9053565060707551,-417.97986719121263
4.222131375891989,-416.49525719166417
6.477900535749786,-414.8543553275537
8.667945727420895,-413.0602703807055
10.787126374130203,-411.116304029655
12.829933946278098,-409.02589897949
14.790549066058096,-406.7925718237897
16.662899391695813,-404.4198309854344
18.440716251578433,-401.91108068012085
20.117588048602048,-399.2695123854095
21.687008695403875,-396.4979858251266
23.142419859230365,-393.59890208110335
24.477246715705164,-390.5740722798012
25.684928427286827,-387.4245866447705
26.758946987094035,-384.15069101714903
27.692861907425456,-380.75168197561203
28.480364282636405,-377.2258386193235
29.115373209713454,-373.57042069322756
29.592211995223085,-369.7817814626042
29.905922598377643,-365.85567219818347
30.05280435331524,-361.78785408410556
30.031291187212734,-357.57517584971384
29.843288724281365,-353.21729357851655
29.49602700712336,-348.71913335984067
29.004259412529645,-344.0939078649645
28.39218948466979,-339.365899028104
27.693978311255005,-334.571491225594
26.95162156299762,-329.75681381806095
26.210012812186736,-324.9716886556251
25.51078032630394,-320.26193542621195
24.887401325243623,-315.66332240530136
24.3631573859521,-311.1992027930494
23.95172380643106,-306.8815265214944
23.659171772332915,-302.7135941986984
23.486234984562724,-298.69304867241783
23.430223297315198,-294.8143224693124
23.48641377046054,-291.07035309931155
23.6489739628847,-287.45366561763694
23.911537896241665,-283.9569975551374
24.26754817398187,-280.57362376013026
24.710449817213,-277.29749667193573
25.233793999883837,-274.12327874093484
25.831289049895968,-271.0463151265712
26.496821865076885,-268.06257577653554
27.22446370098669,-265.16858399633867
28.008468524934926,-262.3613413023939
28.84326858529612,-259.6382539860338
29.72346969382914,-256.99706425448954
30.643847431061374,-254.43578733509358
31.599344728795913,-251.95265508800318
32.585070854181126,-249.54606620399534
33.596301590286636,-247.2145428089185
34.628480300999925,-244.95669316216203
35.67721953513028,-242.77118006913574
36.73830283577352,-240.65669459662453
37.807686457210224,-238.61193466807705
38.881500740697106,-236.63558811441118
39.95605095459865,-234.7263197602863
41.027817458310025,-232.88276213395451
42.09345510010373,-231.1035093999439
43.14979180441566,-229.38711412768606
44.19382634307829,-227.73208652567467
45.22272531715516,-226.136895789706
46.23381940132822,-224.5999732349809
47.224598921562176,-223.11971690499706
48.192708849558876,-221.694497374787
49.135943305003494,-220.32266449166238
50.05223965954848,-219.00255482268014
50.93967233566208,-217.73249960403334
51.79644638965055,-216.51083301301801
52.62089096206896,-215.3359006077161
53.411452671022495,-214.20606780272266
54.166689015111125,-213.11972827086993
54.88526184348865,-212.07531218077276
55.56593094111083,-211.07129419803135
56.207547768079294,-210.10620119402944
56.80904938331556,-209.1786196204724
57.3694525748239,-208.28720252017754
57.887848211667134,-207.43067615524538
58.363395826578135,-206.60784624272924
58.79531843291446,-205.8176037954026
59.18289757545156,-205.05893057134438
59.525468611291764,-204.3309041409484
59.82241621491425,-203.63270258375047
60.07317010005835,-202.9636088302652
60.27720095066719,-202.32301466593887
60.43401655345746,-201.7104244154392
60.54315812576232,-201.12545832587938
60.60419683405283,-200.56785566726396
60.61673050091594,-200.03747756747453
60.5803805011951,-199.53430959749267
60.49478885142638,-199.05846412028876
60.359615500576474,-198.6101824138659
60.174535834361684,-198.18983657531498
59.93923841005329,-197.79793120837525
59.65342294361258,-197.43510489186983
59.31679857620395,-197.10213142046172
58.92908245256258,-196.79992080242607
58.48999864929206,-196.5295199915427
57.9992774968766,-196.29211332178377
57.45665534493778,-196.08902260423275
56.86187482595289,-195.92170683568747
56.21468567816457,-195.79176145777845
55.51484619360081,-195.70091709433052
54.76212536181059,-195.65103768333228
53.95630578388048,-195.64411790854297
53.097187434268825,-195.68227982482617
52.184592349668144,-195.7677685612052
51.21837032413364,-195.90294697692138
50.198405687707634,-196.0902891390592
49.12462524131341,-196.33237248627114
47.99700741335814,-196.63186854253257
46.81559269285764,-196.9915320484522
45.58049537959174,-197.41418838621553
44.29191667350368,-197.90271918844428
42.950159103059676,-198.46004604170102
41.55564226551087,-199.08911222245823
40.10891982105044,-199.7928624372557
38.61069764802848,-200.57422057936483
37.06185302818159,-201.43606556111067
35.4634546899607,-202.38120533327682
33.81678349538024,-203.41234925962814
32.12335351236973,-204.53207907416447
30.38493317144068,-205.74281870976822
28.603566163610452,-207.04680334792127
26.781591696859028,-208.44604809881668
24.92166369166466,-209.9423167784732
23.026768462906247,-211.53709130384004
21.100240406020266,-213.23154227832006
19.14577518013068,-215.02650138905352
17.16743986051541,-216.92243628433158
15.169679518336931,-218.91942864516042
13.157319679037085,-221.017156209141
11.135564115404879,-223.2148795461142
9.109987451800365,-225.51143442030119
7.086522098656475,-227.90523059756975
5.0714391088098685,-230.3942579612632
3.071322657746738,-232.97610077601928
1.0930380064094973,-235.64796087537508
-0.8563069861782762,-238.4066904353806
-2.7694064701804635,-241.24883482520818
-4.638806687437048,-244.17068579418864
-6.456960528664402,-247.1683449676399
-8.216285184934012,-250.2377972954405
-9.90922113321762,-253.37499375182824
-11.52829034524265,-256.5759422560844
-13.066151318074185,-259.8368055123057
-14.515648321044266,-263.154004296138
-15.86985215604868,-266.5243246890674
-17.122089743313552,-269.9450279118109
-18.265959963190927,-273.41396176201374
-19.295333380312023,-276.92967322975585
-20.204333708317836,-280.4915226470864
-20.987299089359706,-284.09980071528486
-21.638721406621205,-287.7558509302563
-22.153161870213342,-291.4622012727405
-22.52514098775829,-295.2227105170694
-22.74900076803702,-299.04273608084367
-22.818736722485582,-302.92933184179094
-22.727797237883994,-306.89148542106733
-22.46884892903232,-310.9404041916202
-22.033510280562766,-315.0898556635157
-21.412065831873278,-319.3565562783587
-20.593197074882138,-323.7605727103216
-19.56382048790176,-328.32562924591525
-18.309240950865842,-333.0790576598321
-16.814070927579,-338.0507963771507
-15.064813448078995,-343.2702243413692
-13.055639676637268,-348.7587111183533
-10.799070769853138,-354.51542544162027
-8.340696015081825,-360.49732632877357
-5.7688624513579425,-366.60541535624003
-3.2031321732710896,-372.6993269548652
-0.759607182860145,-378.64315762230785
1.4809297815671165,-384.347514792942
3.479895393236641,-389.77790843586587
5.229220154553743,-394.93846782128674
6.736991432740065,-399.8525608323554
8.017693379572806,-404.5499295829364
9.08710533784158,-409.06019263427595
9.960080660194256,-413.4101879725275
10.649789283265468,-417.6232069496409
11.167622774076547,-421.7190411189158
11.523366526051992,-425.71432448733736
11.725458202587646,-429.62294402362323
11.781254825073109,-433.4564280901183
11.69727823490803,-437.22428337860265
11.479429439414833,-440.934276528815
11.13317092871212,-444.59266635900264
10.663679171798366,-448.2043955087658
10.075970284723445,-451.77325032376257
9.375001736672877,-455.3019967773866
8.56575255976628,-458.7924988836627
7.653284129367944,-462.2458247127543
6.642783287855033,-465.6623438856272
5.539589420585326,-469.0418193295576
4.349207045293398,-472.3834951264544
3.077305515263955,-475.68618148041696
1.7297075258534647,-478.9483371692619
0.3123682165860689,-482.16814932758257
-1.1686532553765074,-485.34361003582893
-2.707227755429971,-488.4725889568635
-4.297193931949643,-491.55290115890676
-5.932397892253937,-494.5823692760365
-7.606733142759371,-497.5588792631777
-9.314179349657046,-500.480429176707
-11.048838722954958,-503.3451706277418
-12.80496909395061,-506.151442787257
-14.577013025923078,-508.8977990479325
-16.359622553889672,-511.5830266494615
-18.14767937895204,-514.2061597399298
-19.936310537529078,-516.7664864694643
-21.72089972132965,-519.2635507923028
-23.497094539701333,-521.6971496924766
-25.26081009441203,-524.0673265518509
-27.00822928243412,-526.3743613544029
-28.73580026050187,-528.6187583748189
-30.44023150206959,-530.801231939994
-32.118484858552115,-532.9226907851199
-33.767767007504006,-534.9842214569142
-35.385519634974045,-536.9870711490457
-36.969408661033015,-538.9326302916267
-38.51731277891508,-540.8224151593683
-40.027311541060776,-542.6580507124189
-41.497673190686726,-544.4412538401216
-42.92684240591915,-546.1738171406623
-44.313428095240035,-547.8575933382275
-45.656191357984284,-549.4944804131668
-46.95403370172399,-551.0864074990303
-48.20598558933219,-552.6353215825154
-49.41119537205888,-554.1431750277113
-50.56891865080767,-555.6119139340491
-51.67850809572961,-557.0434673276282
-52.739403744045916,-558.4397371777815
-53.75112378750466,-559.8025892246231
-54.71325585393618,-561.1338445987209
-55.625448781899244,-562.4352722108581
-56.487404883331884,-563.70858188802
-57.29887268638866,-564.9554182312476
-58.05964014922818,-566.1773551718414
-58.769528335393765,-567.3758912046089
-59.428385542601646,-568.5524452804667
-60.03608187921656,-569.708353345812
-60.59250428646354,-570.8448655227203
-61.097552009505065,-571.9631439323067
-61.55113252691131,-573.0642611735718
-61.953157955759764,-574.1491994818069
-62.30354195859025,-575.2188506041964
-62.60219718864369,-576.2740164455998
-62.84903332110242,-577.3154105545395
-63.04395573021366,-578.3436605379131
-63.186864884890376,-579.3593115125234
-63.27765654815593,-580.3628307215225
-63.31622287794711,-581.3546134633674
-63.30245453737069,-582.3349904985647
-63.23624393028409,-583.3042371135501
-63.11748968145622,-584.2625840291762
-62.94610247761083,-585.2102303405802
-62.722012374050735,-586.1473586621711
-62.44517764869592,-587.0741526221176
-62.115595248456245,-587.9908168007414
-61.73331281916887,-588.8975991322827
-61.298442237522174,-589.7948156858537
-60.811174469983754,-590.6828776064593
-60.271795469720196,-591.5623198303524
-59.68070268993239,-592.4338309934876
-59.03842164583696,-593.2982837345577
-58.345621806000096,-594.1567643673651
-57.60313094889667,-595.0106006792711
-56.811946998037065,-595.8613864269989
-55.973246267209824,-596.7110009765066
-55.08838702602624,-597.5616225004868
-54.15890735359164,-598.4157332342385
-53.18651639912378,-599.276115520711
-52.173078419385064,-600.1458377591865
-51.120589309675665,-601.0282299031594
-50.03114577041545,-601.9268488048397
-48.90690772377257,-602.8454344283647
-47.75005507107606,-603.7878586848417
-46.56274031091333,-604.7580693019951
-45.34703886794123,-605.7600316509483
-44.10489916872884,-606.7976717459564
-42.83809451361908,-607.8748236672396
-41.54817862383563,-608.9951844230701
-40.236446405478404,-610.162278791931
-38.90390100275726,-611.3794360288895
-37.55122766338183,-612.6497795655697
-36.178774367590904,-613.9762300730088
-34.786538633817095,-615.3615215786921
-33.37415945173833,-616.8082298030761
-31.940912933551953,-618.318811551616
-30.485710023669746,-619.8956538835877
-29.00709445493515,-621.5411318733712
-27.503239061279867,-623.2576740618737
-25.971938518752324,-625.0478351367866
-24.410596550812194,-626.9143759532375
-22.816205560329244,-628.8603516925178
-21.1853165013671,-630.8892097507351
-19.51399654179645,-633.0048998619903
-17.79777165861054,-635.212000017833
-16.031550721742896,-637.5158629825473
-14.209526842255237,-639.9227896557599
-12.325050805128603,-642.4402371983738
-10.370470383855153,-645.077071602665
-8.336928571433745,-647.8438758535492
-6.2141141057785125,-650.7533249039931
-3.989961162187976,-653.8206346554581
-1.6503065278024351,-657.0640775127879
0.821457004602052,-660.5055167963798
3.4446180685685626,-664.1708121446112
6.240990638605491,-668.0897139180912
9.23370872951238,-672.2943526195197
12.443604445543283,-676.8144397197308
15.88082245675882,-681.6659173860687
19.52944374468053,-686.8299062810967
23.328569993390484,-692.2266060194669
27.167274728187035,-697.7081721256766
30.91337798791656,-703.0982655886704
34.46094641183482,-708.257413505559
37.75501028685254,-713.1167213242461
40.78349142134755,-717.6662862364165
43.55790828410731,-721.9283510488942
46.09872390143665,-725.9371055977771
48.427659967186955,-729.7282103296659
50.564507881953205,-733.334536606814
52.52615551138583,-736.7849375900496
54.32655065024735,-740.1042783927469
55.97700146616328,-743.3139021940716
57.48655942094417,-746.4321869356712
58.862386928391494,-749.4750623473097
60.11007885945663,-752.4564477073836
61.233933832779705,-755.3886064578486
62.23718091014571,-758.2824262386875
63.12216991741566,-761.1476359295783
63.89053345599049,-763.9929707914663
64.54332756856056,-766.8262952428804
65.08115669998682,-769.6546911593949
65.50428731145362,-772.4845181980288
65.81275333546294,-775.3214516111369
66.00645560205814,-778.170502312557
66.08525640573251,-781.0360235384229
66.04906950522222,-783.9217082361143
65.89794505648572,-786.8305812392587
65.63214829153242,-789.7649902613648
65.2522302070562,-792.7265996800099
64.75908816230344,-795.7163909048884
64.15401415242346,-798.7346727551828
63.43872865945704,-801.7811046656747
62.615398404114785,-804.8547346816342
61.6866370111697,-807.95405311732
60.65548850489461,-811.0770615148067
59.5253945769859,-814.2213552612627
58.300147599728476,-817.3842170402222
56.983832264837325,-820.5627173436585
55.5807593994238,-823.7538176703957
54.0953958642532,-826.9544718500949
52.53229444273421,-830.1617211691699
50.896027300293355,-833.3727795847165
49.19112599624827,-836.58510619654
47.422030257264076,-839.7964631803982
45.59304687720744,-843.0049584387857
43.70831928979384,-846.2090731873313
41.77180764427142,-849.4076754845302
39.78727864923577,-852.6000212861345
37.758304055981924,-855.7857449536639
35.688266427006724,-858.9648412871647
33.58037075670071,-862.1376411212027
31.437660549628188,-865.304782363953
29.26303708376334,-868.4671781163984
27.059280760102425,-871.6259832213117
24.829073639405586,-874.7825602914813
22.575022470608783,-877.9384459765553
20.299681708843394,-881.0953179630876
18.00557619438961,-884.2549629715436
15.69522331174862,-887.4192458210216
13.371154567719712,-890.5900794780471
11.035936618078015,-893.7693958890521
8.692191834230291,-896.9591173155842
6.34261853437881,-900.1611278456563
3.990011008357059,-903.3772447434824
1.6372794411420235,-906.6091893236592
-0.7125302135401552,-909.8585570961696
-3.056216441873084,-913.1267870276139
-5.390402607612046,-916.4151299042378
-7.711517909862615,-919.7246159654081
-10.015779323905278,-923.0560222021949
-12.299175181656738,-926.4098399815318
-14.55745125404284,-929.7862439540592
-16.78610040011846,-933.1850635187752
-18.980357026010275,-936.605758427689
-21.135197723467392,-940.0474003878334
-23.245349500992603,-943.5086627173729
-25.30530694628414,-946.9878201927787
-27.30935943592621,-950.482761140224
-29.251629115001165,-953.9910135383321
-31.126119800182103,-957.509786388885
-32.92677623298165,-961.0360268801337
-34.647552271205136,-964.5664929499591
-36.282485730219676,-968.0978398253528
-37.82577676710884,-971.6267180747365
-39.2718660450497,-975.1498797852418
-40.6155085190274,-978.6642887947231
-41.851838616890575,-982.1672305741815
-42.97642287843829,-985.6564174355871
-43.98529673513317,-989.1300852433544
-44.87498299006394,-992.5870786879866
-45.64249058017476,-996.0269233426086
-46.28529324014901,-999.449884043021
-46.80128861209401,-1002.8570104803186
-47.18873905118166,-1006.2501721611259
-47.44619579189545,-1009.6320859993561
-47.572408226573984,-1013.0063407259319
-47.56621980398523,-1016.3774230566814
-47.42645149967842,-1019.750751202337
-47.151772971240796,-1023.1327219285954
-46.74056041948935,-1026.5307780892927
-46.19073885455396,-1029.9535044796041
-45.49960493690848,-1033.4107610935084
-44.66362487709394,-1036.91386447179
-43.67820018155334,-1040.4758296973278
-42.53739274354391,-1044.1116872642851
-41.23360098958984,-1047.8388891376385
-39.757183209527994,-1051.677813265882
-38.096039322578555,-1055.652356871932
-36.23520344879003,-1059.7905551845984
-34.15660178250188,-1064.1250256095477
-31.83936942165064,-1068.6927117777511
-29.261639704188067,-1073.5326846673097
-26.40568745319535,-1078.6794049241175
-23.269426837961873,-1084.1472429812413
-19.885979733001125,-1089.9036984305114
-16.342982411747336,-1095.842526666911
-12.776707110093284,-1101.79105309045
-9.327394645072816,-1107.5707162683834
-6.090893655784647,-1113.062777015132
-3.1070616336073487,-1118.2236600166755
-0.3771350804430756,-1123.0608717121797
2.1159145759155313,-1127.6052339814123
4.394729932179762,-1131.8939004089825
6.481676981258412,-1135.9626596901799
8.396671086236376,-1139.8432653343652
10.15667808353036,-1143.5629798316459
11.775870762160231,-1147.1449489730549
13.265992593162029,-1150.6088095996615
14.63674858297532,-1153.9712982826832
15.896159178995244,-1157.2467833809421
17.05086070709586,-1160.4477047011476
18.106353930556573,-1163.5849273620406
19.067208196505668,-1166.6680228466223
19.937229655603918,-1169.705490509994
20.719601300759415,-1172.7049310704538
21.417001332824913,-1175.6731814644602
22.031705107122306,-1178.6164184825814
22.565674800194284,-1181.54023699835
23.020639986570533,-1184.4497073701937
23.39817150819341,-1187.349415699557
23.699750319792674,-1190.243490014581
23.926832369725503,-1193.135615067934
24.08091000423955,-1196.0290382428848
24.163569852199164,-1198.9265690080244
24.176546658717932,-1201.8305744008524
24.12177210513456,-1204.7429731016703
24.00141730707765,-1207.6652307241413
23.817927458894776,-1210.598358936124
23.574047031619994,-1213.5429208743685
23.272834067667436,-1216.499044980572
22.91766246746537,-1219.4664488372143
22.512211724075858,-1222.4444738256811
22.06044429101575,-1225.4321305128703
21.56657159136404,-1228.4281536824574
21.035010491450194,-1231.4310649803895
20.470332757707638,-1234.4392403687648
19.87721048875798,-1237.4509790910809
19.260360696360213,-1240.4645707179727
18.624492075568035,-1243.4783570818665
17.974256585112347,-1246.4907864761344
17.314207826680388,-1249.5004582935514
16.64876746633025,-1252.5061571857073
15.98220018797907,-1255.5068767130447
15.31859699838393,-1258.501833219224
14.661866177961693,-1261.4904712349253
14.015730821877087,-1264.4724620673983
13.383731740503032,-1267.4476973718329
12.76923446454622,-1270.41627946375
12.17543919194124,-1273.3785099664747
11.605392681366434,-1276.3348781453408
11.062001304232869,-1279.2860500062397
10.5480446835734,-1282.232858966328
10.066189553313967,-1285.1762986638978
9.619003652171598,-1288.1175182771078
9.208969617142799,-1291.057820573647
8.838498961775514,-1293.9986628157699
8.509946317311949,-1296.9416605942672
8.225624185667387,-1299.8885946558153
7.987818508479422,-1302.8414208156316
7.798805402907527,-1305.802283107025
7.660869459247508,-1308.773530408278
7.576324044339745,-1311.7577369042879
7.5475341146394825,-1314.757726886563
7.5769421201212985,-1317.7766045740286
7.667097681528132,-1320.8177898546303
7.82069185579268,-1323.8850611127198
8.04059697498655,-1326.982606630976
8.329913259916477,-1330.1150864517276
8.692023675830233,-1333.287707065037
9.130658814727303,-1336.5063118703843
9.649973943541976,-1339.777491032924
10.254640707358426,-1343.1087150883209
10.949956214865296,-1346.5084973285411
11.741972116267101,-1349.9865903395876
12.63764528361494,-1353.5542214065124
13.645008699002044,-1357.2243684122732
14.773353799977386,-1361.012069246024
16.03339896561533,-1364.9347370870698
17.4373831786356,-1369.0124077917071
18.998949870658425,-1373.267747302961
20.73253908403863,-1377.7254480953789
22.651738305621006,-1382.41027463465
24.765641438714137,-1387.3424533258274
27.071975497637748,-1392.5286625135684
29.54661995384523,-1397.9479858805769
32.13317027830174,-1403.5376373982592
34.7427101435043,-1409.1922311865712
37.27255803198208,-1414.78863550038
39.635112601570064,-1420.224435919645
41.7755394250788,-1425.4411454994954
43.67057231147795,-1430.4218656032351
45.31777829502312,-1435.1763353569472
46.725222599300174,-1439.7268662991316
47.90485662860241,-1444.099515208216
48.86910735907682,-1448.319642351256
49.62940175491502,-1452.410061928585
50.19568815879134,-1456.3904884012209
50.57642142138456,-1460.277556024665
50.77874184266654,-1464.0850546225558
50.80872018036599,-1467.8242191853783
50.67161162012391,-1471.5040061378972
50.37209499804475,-1475.1313334597662
49.91448864161273,-1478.7112815089047
49.30294054732998,-1482.2472594745695
48.54159294441103,-1485.7411451482458
47.634721874035385,-1489.1934060784156
46.58685233246466,-1492.603209511948
45.40284930060429,-1495.968527419749
44.087984847330574,-1499.2862416206613
42.6479815400661,-1502.5522526755285
41.0890326364523,-1505.7615948896162
39.417799933387485,-1508.908558488258
37.641390656549675,-1511.9868188679495
35.76731531582282,-1514.9895718213959
33.803428961315035,-1517.9096728306533
31.757858692882344,-1520.7397779433525
29.638920562886558,-1523.4724833996213
27.45502914810055,-1526.1004610483214
25.214603053566822,-1528.61658665038
22.925969466559067,-1531.0140583739071
20.597270630305367,-1533.286503097473
18.236374785490806,-1535.4280685160697
15.850793760512648,-1537.4334994598858
13.447609000164968,-1539.2981972708621
11.033407420466164,-1541.0182615268475
8.614228072106323,-1542.590513853954
6.195520190537974,-1544.0125040205992
3.7821128109721376,-1545.2824989541712
1.3781957377383196,-1546.3994557498118
-1.0126887106199478,-1547.3629801311872
-3.387644093687644,-1548.1732721526091
-5.744409578953455,-1548.8310611780805
-8.081342434962341,-1549.3375323177918
-10.397394869116626,-1549.6942465362335
-12.692086871427975,-1549.9030565682751
-14.965476731285051,-1549.966020600468
-17.218130831941647,-1549.8853154137746
-19.451094206558903,-1549.6631503673136
-21.66586317083337,-1549.3016832618052
-23.86436113895069,-1548.8029387909544
-26.048918484453573,-1548.1687300073083
-28.222257017963603,-1547.4005830408764
-30.387479295733158,-1546.4996652712566
-32.54806249816127,-1545.466717348678
-34.70785593920413,-1544.3019900108195
-36.871080241052596,-1543.0051877483534
-39.04232459842082,-1541.5754233496395
-41.22653599213315,-1540.0111907054513
-43.42899012617572,-1538.310368748745
-45.65522744067531,-1536.4702781603216
-47.91092774986276,-1534.487825932724
-50.2016828788033,-1532.3597924326493
-52.532608212241435,-1530.0833411460487
-54.907715188030835,-1527.656857526336
-57.3289608132922,-1525.0812318508242
-59.79492873136827,-1522.3616480849582
-62.299232466730444,-1519.509752494653
-64.82901127960007,-1516.5456880901754
-67.36424980006848,-1513.4989814317223
-69.87879042866798,-1510.407080281798
-72.34338765569942,-1507.3110690383369
-74.73000132015063,-1504.24969497232
-77.01564044186861,-1501.2540642199997
-79.18436778013398,-1498.3449354418767
-81.22725499913872,-1495.5328833715612
-83.14102770267115,-1492.8202815931577
-84.92630995606432,-1490.2038255121295
-86.58605429154296,-1487.6767770230342
-88.12437287166276,-1485.23063382812
-89.54576352817713,-1482.856237101285
-90.85464183081803,-1480.5444456495277
-92.0550830424576,-1478.2865137505123
-93.1506975174227,-1476.074281371843
-94.14458637173227,-1473.9002523186125
-95.03934309246735,-1471.7576091340993
-95.83707996526607,-1469.6401948791386
-96.53946680891453,-1467.5424797422738
-97.14777487923246,-1465.4595228349351
-97.66292206117292,-1463.3869349114793
-98.08551739515198,-1461.320845006941
-98.41590409480376,-1459.2578723777435
-98.6542008309328,-1457.195104205379
-98.80034137798322,-1455.130078999717
-98.85411286422034,-1453.060775347374
-98.81519290643895,-1450.9856054899528
-98.6831858868573,-1448.903413126864
-98.4576585691887,-1446.8134747831498
-98.13817516789993,-1444.7155040448738
-97.7243318888421,-1442.6096579333202
-97.21579085715639,-1440.496544660496
-96.61231324446298,-1438.3772319819404
-95.91379130604271,-1436.253255340617
-95.12027894403937,-1434.1266249811051
-94.23202032863209,-1431.999831210425
-93.24947603956052,-1429.8758469948355
-92.17334613898207,-1427.7581271146125
-91.00458955653578,-1425.6506031542665
-89.74443916104806,-1423.5576736859048
-88.39441191190453,-1421.4841891094102
-86.95631352696992,-1419.435430744413
-85.43223717215841,-1417.4170839243068
-83.82455576840758,-1415.4352050195237
-82.13590762213298,-1413.4961825131602
-80.36917521190259,-1411.6066924637173
-78.52745710337106,-1409.7736489139807
-76.6140331124754,-1408.0041500384343
-74.6323229891847,-1406.305421060182
-72.58583904575671,-1404.6847552072416
-70.47813329847646,-1403.14945421103
-68.31273982273613,-1401.7067700687276
-66.09311312872599,-1400.363849986242
-63.82256343772555,-1399.1276865786492
-61.50418976428067,-1398.005075519569
-59.14081167400096,-1397.0025828913267
-56.734900477423864,-1396.1265244900255
-54.28851042642292,-1395.3829592868904
-51.80321019335019,-1394.777699151528
-49.28001453118735,-1394.3163368258083
-46.71931553707342,-1394.004294029355
-44.12081237871898,-1393.846891514726
-41.48343770702185,-1393.8494429061486
-38.80527829274913,-1394.0173742698619
-36.08348673550687,-1394.3563715602152
-33.31418049036425,-1394.8725582691445
-30.492324133153968,-1395.5727055232308
-27.611591148245004,-1396.4644759428602
-24.664203439753543,-1397.5566995589465
-21.640752062472174,-1398.8596723738594
-18.530015131916578,-1400.385450391969
-15.318816237870843,-1402.1480732566997
-11.99202420486013,-1404.1635706732393
-8.53291063462887,-1406.449442673873
-4.924297689854105,-1409.0230028656913
-1.1512744829277086,-1411.897492741513
2.7933895880179964,-1415.0743956710323
6.900341995309521,-1418.5308763126643
11.133147986356851,-1422.2050846048448
15.423871580111093,-1425.9902183344695
19.684733557771363,-1429.7514460297316
23.83373568114288,-1433.3626049043883
27.816039044483084,-1436.7368202483449
31.6080722431691,-1439.8325634143787
35.209148076066604,-1442.641884919467
38.63096738970774,-1445.1755311958118
41.89012818211057,-1447.452242767398
45.00399142600578,-1449.4927819771056
47.988775037504126,-1451.3171226283553
50.85885112483056,-1452.9433625696995
53.6266181544597,-1454.387471305482
56.30261786915144,-1455.6634024813288
58.89573766825155,-1456.7833417116392
61.41342684541144,-1457.757984395836
63.86189751298649,-1458.5967987503086
66.24630068667787,-1459.3082576927252
68.57087661373279,-1459.9000359655086
70.83908183863286,-1460.3791742052538
73.05369653434241,-1460.7522135550041
75.21691562805427,-1461.0253047913807
77.33042684654984,-1461.2042957004733
79.3954782845181,-1461.2947999987584
81.41293758421507,-1461.3022506378572
83.38334435587983,-1461.2319399239202
85.30695708019842,-1461.0890485421753
87.1837954167943,-1460.87866530108
89.01367859029041,-1460.6057991868656
90.79626033008611,-1460.2753851347607
92.53106069350525,-1459.892284765941
94.21749499662418,-1459.4612831998343
95.85490000563487,-1458.9870829231709
97.44255749737026,-1458.4742955759086
98.97971527454779,-1457.92743239783
100.46560571393633,-1457.3508939676262
101.89946192925649,-1456.7489597592198
103.28053164113055,-1456.1257779389832
104.6080888604793,-1455.4853557337221
105.88144350681145,-1454.8315506139895
107.09994909694241,-1454.168062461449
108.26300865150371,-1453.4984268231458
109.37007897538528,-1452.8260092998394
110.42067347364632,-1452.1540010697759
111.4143636664292,-1451.4854155128673
112.35077956524452,-1450.8230858724214
113.22960906905006,-1450.1696638713652
114.05059653228965,-1449.5276191863068
114.81354064898599,-1448.8992396747242
115.51829178757241,-1448.286632247077
116.16474890084415,-1447.6917242757545
116.75285612458585,-1447.1162654357113
117.28259916740558,-1446.561829876661
117.754001583322,-1446.0298186332332
118.16712100789601,-1445.5214621870468
118.52204542830009,-1445.0378231028487
118.81888954775863,-1444.5797986693985
119.05779129531255,-1444.148123484448
119.23890852287069,-1443.743371931789
119.36241592299587,-1443.3659605068335
119.42850219280126,-1443.0161499554433
119.43736746165855,-1442.6940471987293
119.38922099308897,-1442.3996070242292
119.28427916416457,-1442.1326335312401
119.12276371892747,-1441.8927813251094
118.9049002856825,-1441.6795564619456
118.63091714147498,-1441.4923171514813
118.30104420057815,-1441.3302742316382
117.91551219734006,-1441.1924914336887
117.47455202723583,-1441.0778854616515
116.97839420341104,-1440.985225913637
116.42726837936475,-1440.9131350761184
115.82140288169352,-1440.8600876243856
115.16102419000254,-1440.824410263545
114.44635629419015,-1440.8042813441293
113.67761985234021,-1440.7977304844173
112.85503106542583,-1440.8026382275905
111.97880017794365,-1440.8167357555908
111.04912950645463,-1440.8376046725607
110.06621089077251,-1440.8626768586657
109.03022245514278,-1440.8892343794723
107.94132455906286,-1440.9144094164233
106.79965480919789,-1440.9351841598168
105.6053219948275,-1440.9483905765505
104.35839879896287,-1440.9507099301584
103.05891312507077,-1440.9386718897683
101.70683786439115,-1440.9086530168286
100.30207891003943,-1440.8568743630312
98.84446120004564,-1440.779397848828
97.33371254044842,-1440.6721210181593
95.76944491939513,-1440.530769680037
94.15113297133816,-1440.3508878497116
92.47808918388556,-1440.1278242891995
90.74943535534798,-1439.8567148166403
88.96406970509292,-1439.5324594040194
87.12062890843967,-1439.1496929117977
85.21744417145264,-1438.7027481179373
83.25249028071764,-1438.1856094942461
81.22332636903455,-1437.591855983385
79.12702695613565,-1436.9145908776056
76.96010171234641,-1436.146356884476
74.71840247346097,-1435.279034765179
72.39701654893122,-1434.3037249007002
69.99014678699007,-1433.210613464581
67.4909821064242,-1431.9888298694707
64.89156902493676,-1430.6263122939677
62.182708384480925,-1429.109718014069
59.35392792237917,-1427.4244532900232
56.39363056664023,-1425.5549676718988
53.289604701365306,-1423.4855796672043
50.030217951584056,-1421.2022905392453
46.606777235371915,-1418.6962663251256
43.01757362583034,-1415.9697086610001
39.27360640713073,-1413.0440766537517
35.40426275044879,-1409.968172247256
31.458680940837432,-1406.8199881790351
27.498450615791928,-1403.6961339859174
23.583193018183422,-1400.6910422345593
19.757498159998534,-1397.8780292276717
16.046199234544723,-1395.3021943890192
12.457302280648925,-1392.9842690866658
8.987810151254163,-1390.9286892732541
5.628933190264414,-1389.1308930495713
2.3695993838116958,-1387.582259130029
-0.8015301478582504,-1386.272943485503
-3.8950333128388945,-1385.193312639178
-6.920267752893705,-1384.3345588227926
-9.88521158692602,-1383.6888756417657
-12.796451015805696,-1383.2494131739654
-15.65923324317598,-1383.0101318176635
-18.477543755587654,-1382.9656176475428
-21.254188900692977,-1383.1108914852573
-23.99087611517542,-1383.4412279033506
-26.688289881534477,-1383.9519922232148
-29.346164180715068,-1384.6384994936432
-31.96335327662109,-1385.4958974205347
-34.53790287435762,-1386.5190741838373
-37.06712344057407,-1387.7025914648516
-39.54766698293153,-1389.0406425368628
-41.97560798422145,-1390.5270348200784
-44.346528554637004,-1392.1551958278308
-46.65560725714316,-1393.9182009398603
-48.89771051468421,-1395.8088209569623
-51.06748505240065,-1397.8195869540205
-53.159449482628496,-1399.9428695893564
-55.16808291677073,-1402.170969775667
-57.0879083902111,-1404.4962174918796
-58.9135689112977,-1406.9110755273848
-60.63989408352169,-1409.408245102952
-62.26195548583414,-1411.9807706007573
-63.77510930879312,-1414.6221410465612
-65.17502510889125,-1417.3263865011397
-66.45769993221552,-1420.0881681114456
-67.619457443082,-1422.9028612167333
-68.65693204696359,-1425.7666315708645
-69.56703829853537,-1428.676505397631
-70.34692612265918,-1431.630434608225
-70.99392255018509,-1434.6273590418539
-71.50546080400737,-1437.6672679937062
-71.87899771838846,-1440.7512634950183
-72.11192074222066,-1443.8816276798805
-72.20144635735012,-1447.0618958795317
-72.14451297911597,-1450.2969353969295
-71.93767390343586,-1453.5930264427416
-71.57700068557692,-1456.9579350311274
-71.05801631351754,-1460.4009552213784
-70.37569372129781,-1463.9328756888053
-69.52458325107573,-1467.565786562611
-68.49917853282568,-1471.3125781278625
-67.29469732426679,-1475.1858876420622
-65.90852942481872,-1479.1961400166138
-64.3426241069065,-1483.3482883602005
-62.60688345127655,-1487.6371272467657
-60.72292227615917,-1492.0420087578038
-58.726310587835066,-1496.5235114229258
-56.664614127622535,-1501.0257574320417
-54.59012565495204,-1505.4859661819828
-52.550102792164665,-1509.8474675633154
-50.5795604241243,-1514.0693122808627
-48.69933980585526,-1518.1287765487566
-46.9183118802664,-1522.0183296041707
-45.237080317641265,-1525.7406470188864
-43.65135083943302,-1529.30413709028
-42.15433881195707,-1532.7197996596135
-40.73826863731773,-1535.9993181967411
-39.3952212493334,-1539.1540227369655
-38.11757087927592,-1542.1943911956387
-36.89818216529006,-1545.1298569888127
-35.7304750722799,-1547.9687794801816
-34.60842089115962,-1550.7184943607176
-33.52650507787906,-1553.3853982497228
-32.479676501273396,-1555.9750433670476
-31.46329344048705,-1558.4922302035225
-30.47307152892148,-1560.941092707067
-29.505036033592024,-1563.3251740043836
-28.555479366732808,-1565.6474924753163
-27.620923968224478,-1567.9105988687777
-26.698090344199297,-1570.1166255299254
-25.783869914619444,-1572.2673289376107
-24.87530230782592,-1574.3641267598368
-23.969556785843956,-1576.4081305932846
-23.063917558915765,-1578.4001754973722
-22.155772833609408,-1580.3408473813242
-21.242607525628248,-1582.2305092609326
-20.321999649416718,-1584.0693273701308
-19.391620466459603,-1585.8572980867045
-18.449238527434755,-1587.594276603645
-17.49272777396265,-1589.2800082370827
-16.520079866357676,-1590.9141631951122
-15.529420866257379,-1592.4963755237459
-14.519032318523696,-1594.0262867801293
-13.487376637173622,-1595.5035947428685
-12.433126499297193,-1596.9281071416292
-11.355197687315954,-1598.2997999660302
-10.252784498781143,-1599.6188794005836
-9.125396478866476,-1600.8858458457817
-7.972894849697006,-1602.101557861007
-6.795526650291053,-1603.2672932577404
-5.593954308702143,-1604.384804053796
-4.369278196815402,-1605.4563616544667
-3.123049719125839,-1606.484788538015
-1.8572726995134736,-1607.4734729602371
-0.5743912737519805,-1608.4263637952572
0.722736838597969,-1609.347943593519
2.030881961367252,-1610.2431792088773
3.34649830593681,-1611.1174508214103
4.665792367577621,-1611.9764617195365
5.984801303778441,-1612.8261326433185
7.29947799070592,-1613.672485673257
8.60577896832374,-1614.521523444705
9.899751295481297,-1615.379109791458
11.177614458538622,-1616.2508577431079
12.435833892018227,-1617.142030147773
13.671183328360717,-1618.05745714573
14.880794023976662,-1619.0014734011831
16.062189824642214,-1619.977876552509
17.213307946162324,-1620.9899069126675
18.33250617513434,-1622.0402471725965
19.418557875451157,-1623.1310398321348
20.470636677821922,-1624.2639193661817
21.488293016472046,-1625.4400557465656
22.471424767637973,-1626.660205862037
23.42024416587634,-1627.9247695602126
24.335242966136477,-1629.2338474089643
25.217157526438847,-1630.5872977681167
26.066935150716038,-1631.9847913075741
26.88570269050079,-1633.42586164901
27.674738085427602,-1634.9099513040278
28.435445244171273,-1636.4364525068247
29.16933243896388,-1638.0047428821804
29.877994210621342,-1639.6142161492314
30.56309665439794,-1641.2643082446157
31.226365874146886,-1642.9545193661493
31.869579345841874,-1644.6844325031336
32.494559913841066,-1646.4537290445542
33.1031721471783,-1648.262202053619
33.697320802421814,-1650.1097677763642
34.278951169163605,-1651.996475921553
34.85005111004204,-1653.9225192151123
35.412654646431264,-1655.8882426994799
35.968846981465724,-1657.894153219716
36.520770892445405,-1659.9409295161167
37.07063446381284,-1662.0294333284667
37.620720168854746,-1664.1607219102239
38.173395341918464,-1666.3360623512078
38.73112411150305,-1668.5569481129244
39.296480885163106,-1670.825118188114
39.87216548476057,-1673.1425792993007
40.46102001678138,-1675.5116315396908
41.0660475131031,-1677.9348978161324
41.69043226942157,-1680.4153573486137
42.337561603140486,-1682.9563832649212
43.01104838708026,-1685.5617839212096
43.714753087516975,-1688.2358468448685
44.45280297904101,-1690.9833829144611
45.22960445866145,-1693.8097662039188
46.04984151839972,-1696.720961251939
46.918448818919494,-1699.7235234852947
47.84054051299619,-1702.8245488256991
48.82126481437769,-1706.0315334360557
49.86553819248145,-1709.352082417905
50.9775921838612,-1712.7933769669885
52.16024482140927,-1716.361278858508
53.413803474438325,-1720.058940152972
54.73455355641401,-1723.8848448436027
56.1129496314937,-1727.8304224723156
57.53195092864836,-1731.8778113845508
58.96634641064069,-1735.9988993544011
60.38403041576205,-1740.1569372152574
61.7495399524416,-1744.311151105734
63.02885715411157,-1748.4230126238797
64.19358426374284,-1752.4616199309887
65.22304998669335,-1756.4062702524002
66.10422657218129,-1760.2461019425687
66.83030182001903,-1763.9779786119905
67.3988657742789,-1767.603919191354
67.8103046480899,-1771.1288612874887
68.06661050333135,-1774.5590192452808
68.17059434831091,-1777.900802639724
68.12541103557636,-1781.1601599868197
67.93429873003248,-1784.3422106442254
67.60045572381851,-1787.4510590080174
67.12700038786453,-1790.489718734743
66.51697854724488,-1793.4601011137108
65.77339552796164,-1796.3630399160318
64.89925859910873,-1799.198336752082
63.897620875449306,-1801.9648181579016
62.7716210522766,-1804.6603998709431
61.52451539157767,-1807.2821561301657
60.15969967321481,-1809.8263930485248
58.6807196850993,-1812.2887256017823
57.09126944431961,-1814.664157835365
55.39517682759816,-1816.9471656887208
53.596376702830995,-1819.131781491755
51.69887201927591,-1821.211678782091
49.7066836371925,-1823.1802556849168
47.623789951642046,-1825.0307147347828
45.454057577650744,-1826.7561367366632
43.20116450278011,-1828.349546089822
40.86851717047438,-1829.8039649546329
38.4591629344282,-1831.1124537487158
35.97569923593366,-1832.2681357363183
33.420180739526465,-1833.2642039580849
30.794025586976975,-1834.0939095016968
28.09792201762634,-1834.7505312623177
25.331737061748907,-1835.2273291226522
22.49443019457301,-1835.5174853323963
19.583977337470294,-1835.6140435666562
16.597315413990998,-1835.5098630487291
13.530326474389662,-1835.1976185090305
10.377895825848137,-1834.669899226449
7.134104425412366,-1833.9194970947249
3.7926562144668217,-1832.9400301175824
0.34769690546749765,-1831.7271243539294
-3.2047626443565402,-1830.280452187513
-6.864605719097766,-1828.6069145102742
-10.624536607984068,-1826.7249596486643
-14.466760051291645,-1824.669165452612
-18.361003799355537,-1822.4927803587286
-22.266110735047796,-1820.2650411240695
-26.136203853437664,-1818.0618775407181
-29.929261150075636,-1815.9531697034984
-33.61385184301843,-1813.9927047098843
-37.17136067048199,-1812.2147066704329
-40.594310825642445,-1810.6360860329976
-43.88302150536355,-1809.2611944180924
-47.042379501728384,-1808.0865016325426
-50.07944980705863,-1807.1041174881402
-53.00195848635935,-1806.3040810440316
-55.81743221998574,-1805.6757087049518
-58.53276379302848,-1805.2083239143533
-61.154030631398086,-1804.8916141381096
-63.6864542870812,-1804.715776567165
-66.1344335784124,-1804.6715508309203
-68.50161289639121,-1804.750195864262
-70.7909644731654,-1804.943443007625
-73.00487336743093,-1805.243442706838
-75.14521949688782,-1805.6427137350631
-77.2134540896859,-1806.1340990931508
-79.21066953705368,-1806.7107301015542
-81.13766244619666,-1807.3659987679305
-82.99499007939512,-1808.0935377766227
-84.78302052625224,-1808.8872071003007
-86.50197700448345,-1809.7410861096732
-88.15197668204209,-1810.6494700570136
-89.73306439206569,-1811.6068698774407
-91.24524158803258,-1812.6080143561433
-92.68849086650526,-1813.6478538309552
-94.06279637091234,-1814.7215647264334
-95.36816038153549,-1815.8245543407709
-96.60461639268755,-1816.9524654259963
-97.77223897614897,-1818.1011802121147
-98.87115072852787,-1819.2668236253605
-99.90152659788384,-1820.4457655385606
-100.86359588065459,-1821.6346219673324
-101.7576421729793,-1822.8302551895401
-102.58400155061018,-1824.029772817509
-103.34305923872428,-1825.2305258936817
-104.03524501730126,-1826.4301061115968
-104.66102758969343,-1827.6263422863542
-105.22090812205754,-1828.8172962132373
-105.71541313997457,-1830.0012580610753
-106.14508694638766,-1831.176741449367
-106.51048370245539,-1832.342478356301
-106.81215929051264,-1833.497413999526
-107.05066305646076,-1834.6407018238397
-107.22652950791223,-1835.7716987205458
-107.34027002456942,-1836.8899605928177
-107.39236461884236,-1837.9952383703971
-107.38325376778782,-1839.0874745657507
-107.31333032224238,-1840.166800452543
-107.18293148569875,-1841.2335339359233
-106.99233084425441,-1842.2881781724598
-106.74173042016399,-1843.3314209850478
-106.4312527156277,-1844.364135103952
-106.06093271118371,-1845.387379247982
-105.63070978554492,-1846.4024000378183
-105.14041953258246,-1847.4106347039149
-104.58978546883353,-1848.413714510368
-103.97841065492547,-1849.4134687581934
-103.3057693017257,-1850.411929148874
-102.57119850405181,-1851.4113341711086
-101.77389035153138,-1852.4141330054747
-100.91288482171912,-1853.4229882027794
-99.98706408394806,-1854.4407760546137
-98.99514915889777,-1855.4705831028182
-97.93570032066096,-1856.515696582457
-96.80712323340204,-1857.5795857065693
-95.60768362349168,-1858.665869524933
-94.33553433029755,-1859.7782655831911
-92.9887598491927,-1860.920511785377
-91.56544488863092,-1862.096251857952
-90.06377474927888,-1863.3088730084514
-88.48217593894742,-1864.5612835771674
-86.81950435211967,-1865.8556201545546
-85.07528401031807,-1867.1928800197402
-83.24998985464194,-1868.5724886085109
-81.34535193339143,-1869.9918351495253
-79.36463633434674,-1871.445841470995
-77.31283597596261,-1872.926661258098
-75.19669368865199,-1874.4236228484294
-73.02449557665845,-1875.9235069097567
-70.80562192795448,-1877.4111801760334
-68.54991432259075,-1878.8705041237317
-66.26697961041057,-1880.2853477838516
-63.96557093666143,-1881.6405042638562
-61.6531529911464,-1882.9223558097844
-59.33569374608601,-1884.119223646836
-57.01766204440329,-1885.2214283904445
-54.7021730676527,-1886.221140793871
-52.39121564389786,-1887.1121152835562
-50.08590675153841,-1887.8893836405318
-47.786737059638256,-1888.5489606794122
-45.493788487497056,-1889.0875898001484
-43.20691709732574,-1889.5025388399722
-40.92590196948771,-1889.791446094412
-38.650564245556176,-1889.9522110929774
-36.38086165133426,-1889.9829227890548
-34.11696362831732,-1889.881817728745
-31.8593114272486,-1889.6472614966033
-29.608666564529546,-1889.2777477216448
-27.366150120909765,-1888.7719098756952
-25.133274562613973,-1888.128541889635
-22.911969115889878,-1887.3466242245297
-20.704599226042916,-1886.4253524813848
-18.513980269727504,-1885.364165950687
-16.343385450790407,-1884.162773730746
-14.196547682680356,-1882.821176219707
-12.077655233467759,-1881.3396799423247
-9.991340973000959,-1879.7189038349247
-7.942665205618618,-1877.9597752989237
-5.937092284662261,-1876.0635145557976
-3.980461472819151,-1874.031606097903
-2.078952817859451,-1871.865756326469
-0.23904913570475536,-1869.567836790665
1.5325044928880596,-1867.139812776173
3.2287420286019577,-1864.5836573233898
4.842516693889569,-1861.9012510735254
6.3665381268483765,-1859.0942686463552
7.793404565828031,-1856.1640525705996
9.115628488504068,-1853.111476183607
10.325654828575866,-1849.9367975312816
11.415872170360066,-1846.639507397111
12.378619524551302,-1843.218176647911
13.206195012996163,-1839.6703119382173
13.890879043880437,-1835.9922358908423
14.424994994130273,-1832.1790205291384
14.801047585769963,-1828.2245246794275
15.012006515188032,-1824.1216224762215
15.05184374965773,-1819.8627663760283
14.916485737903786,-1815.44110385326
14.605387139539367,-1810.8524383939996
14.123905303650842,-1806.0983067007503
13.486410507819413,-1801.1901393352985
12.719422317305723,-1796.1536223866747
11.86308745924902,-1791.031054422075
10.968857339551835,-1785.8788221422087
10.092657644187955,-1780.7589727251936
9.285948848322809,-1775.7279932454298
8.588841169405551,-1770.8282748623135
8.027713041173849,-1766.0854516147629
7.616668538636457,-1761.510664273259
7.360695289004503,-1757.1048875548227
7.258818805270973,-1752.8630938625881
7.306525166231177,-1748.7773481919617
7.497377428540418,-1744.8387890018626
7.824001943507561,-1741.0387630656187
8.278651108960636,-1737.369405096049
8.853504585071896,-1733.8238827389396
9.540818181830161,-1730.3964517546233
10.332988582295775,-1727.0824095158084
11.222574546821491,-1723.877998044334
12.202298025429027,-1720.7802854142144
13.265038210321745,-1717.787041305991
14.40382540553716,-1714.8966151112627
15.611837991457637,-1712.107820897101
16.88240368321309,-1709.4198313242455
18.20900510638536,-1706.832081437522
19.58528907723213,-1704.3441826338703
21.00507866418004,-1701.955846793351
22.46238699595403,-1699.6668203829402
23.95143179290971,-1697.476828232913
25.466649684232152,-1695.3855266017877
27.002709503675373,-1693.39246507107
28.55452390938263,-1691.4970567402097
30.117258834177193,-1689.6985561260715
31.686340430827936,-1687.9960441130409
33.25745932449509,-1686.3884192533071
34.8265721165635,-1684.874394684878
36.38990019706556,-1683.4524999193952
37.943926015224555,-1682.1210867534112
39.485387029014056,-1680.878338574912
41.01126760581164,-1679.7222823699608
42.518789178819006,-1678.6508027801572
44.00539898007548,-1677.6616576174288
45.468757673084895,-1676.7524943056462
46.90672619891443,-1675.92086678576
48.317352131682654,-1675.1642524899687
49.698855815051225,-1674.4800690584511
51.04961652284657,-1673.8656905374314
52.36815885614181,-1673.31846285827
53.65313955758226,-1672.8357184526906
54.90333489267223,-1672.414789908434
56.11762871808257,-1672.0530226121814
57.29500132943493,-1671.7477863623758
58.43451915587795,-1671.4964859637792
59.53532534629855,-1671.2965708385511
60.596631272258456,-1671.1455437057843
61.61770895564074,-1671.0409683933756
62.59788441438306,-1670.9804768534514
63.53653190735892,-1670.96177545595
64.43306904921923,-1670.9826506350237
65.28695275759233,-1671.0409739603044
66.0976759882425,-1671.134706700332
66.86476520840876,-1671.261903939165
67.5877785544214,-1671.4207182998432
68.26630461668547,-1671.6094033204306
68.89996179312453,-1671.8263165202343
69.48839815111339,-1672.0699221857979
70.03129173773662,-1672.3387938987312
70.52835127884428,-1672.631616820554
70.97931720879778,-1672.9471897437204
71.38396297496612,-1673.284426912918
71.7420965638979,-1673.6423596167072
72.05356219959569,-1674.0201375465458
72.31824216838437,-1674.417029918203
72.53605872939879,-1674.8324263494083
72.70697607461723,-1675.2658374871733
72.83100230751569,-1675.7168953784321
72.90819141469211,-1676.1853535782695
72.93864521008418,-1676.6710869909318
72.92251523655659,-1677.174091439833
