theta_1,theta_2,energy
45.0,45.00010000000001,-20.810140463453525
44.9801301007588,45.000097632368465,-20.810140463541934
44.92054799806722,45.00006291320789,-20.81014046367772
44.82133661442653,44.99991273449737,-20.810140463858012
44.68263462300619,44.99950770606084,-20.81014046407792
44.50463713379454,44.99865087019867,-20.810140464330757
44.28759661953382,44.99708596183821,-20.81014046460835
44.03182404688341,44.99449527372534,-20.810140464901444
43.73769016865513,44.99049720281731,-20.81014046520029
43.40562692374222,44.98464357012739,-20.810140465495326
43.036128882777746,44.976416821411085,-20.81014046577797
42.62975466995552,44.96522722973371,-20.810140466041563
42.18712828524843,44.950410232452256,-20.810140466282327
41.70894024694986,44.93122404371076,-20.8101404665003
41.19594847255811,44.90684768835627,-20.81014046670017
40.64897881702227,44.876379603407656,-20.810140466891827
40.06892519170478,44.838836948113965,-20.810140467090594
39.45674919539523,44.79315575266645,-20.810140467316888
38.813479200441684,44.738192018504016,-20.810140467595378
38.140208852410524,44.67272385996928,-20.810140467953424
37.43809496021398,44.595454748361874,-20.81014046841889
36.7083547746201,44.50501788619342,-20.81014046901749
35.95226267546336,44.39998170311794,-20.810140469769717
35.171146310453125,44.27885642740799,-20.81014047068774
34.366382249840896,44.140101650036286,-20.810140471772442
33.53939123994352,43.982134764544995,-20.810140473011067
32.691633153325725,43.80334013697012,-20.81014047437563
31.824601743260445,43.60207883785655,-20.81014047582244
30.939819314194924,43.376698754100374,-20.810140477292723
30.03883141806349,43.12554489265129,-20.81014047871449
29.12320167855524,42.84696969102574,-20.810140480005483
28.194506832441625,42.53934316053446,-20.81014048107692
27.25433205971936,42.20106270600659,-20.81014048183792
26.304266653799157,41.83056248910317,-20.810140482200126
25.345900060567843,41.42632222935053,-20.810140482082346
24.380818292168037,40.986875366043755,-20.810140481414834
23.410600698967592,40.5108165335486,-20.81014048014309
22.436817062429338,39.99680833088434,-20.810140478230966
21.461024953197622,39.44358739274449,-20.810140475663047
20.484767283183498,38.849969792607226,-20.810140472446257
19.50956996799371,38.21485582895593,-20.81014046861077
18.536939606725447,37.5372342628345,-20.810140464210207
17.568361079779955,36.81618608921017,-20.8101404593213
16.605294961656305,36.05088793628243,-20.810140454042966
15.649174644334906,35.240615196418545,-20.81014044849488
14.70140306750962,34.38474500027296,-20.810140442815626
13.76334895429043,33.482759152243304,-20.81014043716023
12.83634245488835,32.5342471509656,-20.810140431697235
11.921670106169778,31.538909423080515,-20.810140426605052
11.020569021975428,30.49656090176237,-20.810140422067548
10.134220238113025,29.40713508291525,-20.81014041826878
9.263741147590377,28.270688690546088,-20.81014041538665
8.410176976886573,27.08740707723452,-20.810140413585454
7.574491274104843,25.857610473989734,-20.810140413007375
6.757555406257168,24.581761183809665,-20.810140413762834
5.960137097503129,23.260471782225377,-20.810140415920227
5.182888084860897,21.89451434302788,-20.810140419495504
4.426331024638053,20.484830645208042,-20.810140424442547
3.6908458531421706,19.032543235239103,-20.810140430645664
2.9766558898471374,17.538967115521846,-20.810140437915855
2.283814069385807,16.00562170522684,-20.810140445992825
1.6121897975903272,14.434242576859175,-20.810140454554585
0.9614570403855531,12.826792317525934,-20.810140463235953
0.3310843630411745,11.185469709925819,-20.81014047165626
-0.2796722725432697,9.512716291819212,-20.810140479454603
-0.8717730905385328,7.811219256667764,-20.810140486328716
-1.4463936030732831,6.08390962825447,-20.81014049207146
-2.004918446469192,4.333954704544548,-20.810140496597043
-2.548929332742921,2.5647439420213605,-20.81014049994954
-3.080186758938433,0.7798677512797664,-20.81014050228871
-3.600605467022044,-1.0169109093726754,-20.810140503852804
-4.112224062076678,-2.8216917515645146,-20.81014050490441
-4.61716963655106,-4.6304782526681425,-20.810140505670766
-5.117618661669813,-6.439223181585564,-20.810140506293063
-5.615755738451524,-8.24387668949643,-20.810140506797488
-6.113732001743873,-10.040434844501418,-20.810140507095504
-6.61362501022953,-11.824986434293779,-20.810140507012385
-7.117401826862057,-13.593756016494034,-20.810140506335635
-7.626886717048933,-15.343141537557191,-20.810140504869942
-8.14373450709735,-17.069745315828282,-20.810140502485133
-8.66941020652968,-18.77039772394025,-20.810140499147114
-9.205175060054781,-20.442173440060166,-20.81014049492746
-9.75207880528143,-22.082400607145054,-20.810140489993156
-10.310957603083764,-23.688663604223848,-20.810140484581858
-10.88243689437919,-25.258800375600956,-20.810140478970006
-11.466938320033757,-26.790895384444017,-20.810140473440498
-12.064689808225971,-28.28326927271772,-20.810140468255074
-12.675737967730562,-29.73446624430887,-20.810140463634184
-13.299962005850086,-31.14324006927966,-20.810140459745096
-13.937088496894795,-32.50853945934213,-20.81014045669762
-14.586706445162264,-33.8294934081898,-20.81014045454583
-15.24828220332677,-35.10539694005849,-20.81014045329392
-15.921173915069586,-36.33569757526748,-20.810140452904516
-16.6046452451865,-37.5199827074351,-20.810140453307977
-17.297878239495866,-38.657967995063395,-20.81014045441159
-17.99998522070304,-39.74948679940498,-20.81014045610803
-18.710019676179527,-40.794480648730605,-20.81014045828268
-19.426986131216264,-41.7929906734095,-20.81014046081964
-20.149849028751355,-42.74514993353265,-20.810140463606466
-20.877540655848534,-43.65117654824903,-20.810140466537696
-21.608968170116782,-44.51136753097296,-20.81014046951735
-22.343019787355715,-45.32609323499581,-20.810140472460535
-23.07857019624903,-46.095792318050634,-20.81014047529433
-23.814485267906786,-46.82096714067721,-20.810140477958125
-24.54962612824078,-47.50217952080004,-20.810140480403508
-25.282852660110116,-48.14004677502959,-20.810140482593795
-26.013026500301024,-48.73523798532692,-20.810140484503393
-26.739013593983316,-49.288470437510924,-20.81014048611692
-27.459686366496115,-49.80050618545472,-20.810140487428257
-28.173925569267432,-50.27214870163249,-20.810140488439536
-28.88062185342334,-50.704239580932594,-20.810140489160055
-29.57867712121722,-51.097655270388884,-20.81014048960523
-30.267005701810582,-51.45330380276914,-20.81014048979553
-30.944535394157004,-51.772121516881185,-20.810140489755412
-31.610208415770654,-52.055069752097104,-20.810140489512328
-32.26298229199644,-52.303131509027274,-20.81014048909574
-32.90183071604623,-52.51730807255587,-20.810140488536213
-33.52574440554501,-52.698615597609866,-20.8101404878645
-34.13373197667911,-52.84808166208066,-20.810140487110793
-34.724820852310515,-52.96674179522803,-20.81014048630397
-35.29805821568908,-53.055635993619305,-20.81014048547096
-35.85251201674614,-53.115805240116416,-20.810140484636218
-36.387272033488735,-53.14828804452426,-20.810140483821286
-36.90145098684282,-53.15411702714556,-20.810140483044496
-37.39418570352468,-53.13431556853829,-20.810140482320772
-37.86463831826024,-53.089894550131774,-20.810140481661573
-38.31199750401337,-53.02184921093533,-20.810140481074946
-38.73547971690431,-52.931156145298125,-20.810140480565696
-39.134330441247116,-52.818770465516685,-20.810140480135654
-39.50782541963336,-52.6856231510373,-20.810140479784017
-39.855271853228174,-52.53261860311017,-20.810140479507744
-40.17600955838174,-52.360632420105674,-20.810140479302024
-40.46941206722167,-52.17050940442503,-20.810140479160715
-40.734887661978945,-51.96306180718732,-20.810140479076804
-40.97188033529201,-51.739067811832896,-20.810140479042815
-41.17987067149323,-51.49927025264878,-20.810140479051213
-41.35837664676781,-51.24437555919421,-20.81014047909473
-41.506954348946486,-50.97505291287922,-20.81014047916661
-41.62519862041493,-50.69193359770302,-20.810140479260827
-41.712743630079096,-50.39561052354543,-20.810140479372226
-41.76926338241456,-50.08663789754595,-20.810140479496578
-41.79447217327273,-49.765531017090375,-20.810140479630633
-41.7881250032648,-49.432766156808434,-20.81014047977206
-41.75001796016247,-49.08878052178751,-20.810140479919426
-41.67998858183623,-48.73397223991776,-20.810140480072075
-41.57791621080697,-48.368700367864044,-20.81014048023005
-41.443722350541535,-47.993284887552136,-20.810140480393958
-41.277371032219214,-47.60800667318254,-20.81014048056486
-41.0788691988829,-47.21310741255587,-20.810140480744135
-40.84826711172428,-46.80878947081062,-20.810140480933384
-40.58565878079938,-46.39521568943112,-20.810140481134304
-40.29118241979388,-45.972509118473965,-20.810140481348604
-39.965020921626454,-45.54075268527115,-20.810140481577893
-39.607402348759926,-45.099988808284536,-20.81014048182362
-39.21860042915713,-44.650218970191894,-20.810140482086993
-38.79893504594113,-44.19140326955835,-20.81014048236892
-38.348772706072104,-43.72345997546507,-20.810140482669944
-37.868526970810024,-43.24626511410098,-20.810140482990207
-37.35865882846807,-42.75965212044206,-20.810140483329377
-36.81967698805256,-42.263411591613455,-20.810140483686617
-36.252138070903136,-41.75729118122068,-20.81014048406052
-35.656646676462415,-41.24099567572198,-20.81014048444903
-35.03385529787724,-40.714187294677885,-20.810140484849402
-34.38446406331697,-40.17648625635948,-20.8101404852581
-33.709220279721684,-39.627471648649134,-20.81014048567069
-33.0089177571827,-39.06668264238464,-20.81014048608176
-32.28439589430252,-38.49362008027797,-20.810140486484794
-31.536538507648565,-37.907748469324844,-20.81014048687209
-30.766272391744835,-37.3084983983032,-20.81014048723466
-29.974565599848763,-36.695269394680736,-20.810140487562172
-29.162425439921996,-36.06743322720659,-20.810140487842972
-28.33089618458537,-35.42433765188726,-20.810140488064107
-27.481056498295423,-34.76531059021613,-20.810140488211523
-26.61401658932888,-34.08966471973722,-20.810140488270292
-25.730915098249564,-33.39670244858393,-20.810140488225002
-24.83291573820748,-32.68572123784421,-20.810140488060263
-23.92120370555128,-31.956019228740097,-20.81014048776131
-22.996981881722817,-31.206901125908786,-20.810140487314737
-22.06146684918376,-30.437684283715583,-20.810140486709333
-21.115884745181337,-29.647704939632014,-20.81014048593692
-20.16146697752029,-28.836324537318138,-20.810140484993212
-19.199445826244894,-28.002936082124542,-20.810140483878655
-18.23104995436271,-27.14697047317126,-20.810140482599113
-17.257499849611406,-26.267902758796836,-20.810140481166442
-16.28000321795801,-25.365258265772223,-20.810140479598793
-15.299750348220313,-24.43861855697011,-20.810140477920736
-14.317909466111896,-23.487627176869182,-20.810140476162992
-13.335622095330237,-22.511995149039816,-20.810140474361916
-12.353998443209477,-21.511506194288874,-20.810140472558643
-11.374112829099909,-20.486021642136887,-20.810140470797915
-10.396999175134164,-19.435485011491235,-20.81014046912663
-9.423646581473525,-18.35992623853363,-20.81014046759217
-8.45499501152642,-17.25946553078239,-20.81014046624056
-7.491931116969703,-16.134316825905582,-20.81014046511452
-6.535284237595992,-14.984790832110688,-20.810140464251567
-5.585822616905517,-13.811297623864927,-20.810140463682178
-4.6442498807359485,-12.614348762448575,-20.810140463428173
-3.7112018327815792,-11.394558905655325,-20.810140463501455
-2.7872436272213585,-10.152646865184416,-20.81014046390309
-1.8728673844076524,-8.889436064386496,-20.810140464622904
-0.9684903201524206,-7.6058543436050465,-20.810140465639655
-0.07445346202277581,-6.302933056067753,-20.810140466921673
0.8089789733649586,-4.981805394865433,-20.81014046842817
1.681619470364447,-3.643703891775445,-20.810140470110937
2.5433563056488686,-2.2899570322793914,-20.810140471916544
3.3941517844357363,-0.9219849387323591,-20.81014047378871
4.234039578731965,0.4587059142719464,-20.810140475670906
5.063121142436316,1.850528971520895,-20.81014047750878
5.881561199658013,3.2518248536296173,-20.810140479252468
6.689582327378812,4.660869570767424,-20.810140480858465
7.487458680687407,6.075883637603534,-20.810140482291068
8.275508937027206,7.495042003099834,-20.81014048352326
9.054088563750167,8.916484678326816,-20.8101404845371
9.823581539139491,10.338327916766227,-20.81014048532355
10.584391679310444,11.758675776534757,-20.81014048588196
11.336933740505971,13.175631874445294,-20.810140486219268
12.081624477032156,14.587311129343343,-20.810140486348928
12.818873838592987,15.991851287777466,-20.810140486289793
13.549076486746449,17.387424029260238,-20.810140486065013
14.272603798815314,18.772245460983893,-20.81014048570092
14.989796509566808,20.144585832079663,-20.810140485225947
15.700958117494467,21.50277832401653,-20.81014048466965
16.406349155090275,22.845226804789455,-20.810140484061737
17.106182392765405,24.170412468192495,-20.810140483431145
17.80061901577078,25.47689931371866,-20.810140482805206
18.489765784174875,26.763338455628293,-20.81014048220883
19.173673159033847,28.028471279913674,-20.810140481663826
19.85233435438523,29.271131494070563,-20.810140481188302
20.525685255307483,30.49024613599658,-20.810140480796267
21.193605127362552,31.684835624617083,-20.81014048049741
21.85591803230795,32.85401294601086,-20.810140480296994
22.512394858797272,33.99698207519328,-20.810140480196075
23.162755874455215,35.11303573585943,-20.810140480191752
23.806673706657666,36.20155259897776,-20.81014048027766
24.443776662948128,37.261994016900175,-20.810140480444538
25.073652307646032,38.293900383358825,-20.810140480680886
25.69585121824949,39.29688720204207,-20.810140480973622
26.309890853164042,40.27064093798772,-20.810140481308775
26.91525947063718,41.214914717304346,-20.8101404816721
27.51142004716784,42.12952393212741,-20.810140482049672
28.0978141517974,43.01434179953001,-20.81014048242834
28.673865740360046,43.86929491553683,-20.810140482796154
29.238984840830305,44.69435883855508,-20.81014048314263
29.792571107268728,45.48955373049153,-20.810140483458966
30.33401722549449,46.25494007857447,-20.810140483738145
30.862712158504195,46.99061451641228,-20.81014048397494
31.37804422383511,47.696705759037364,-20.81014048416592
31.87940399858245,48.373370663535646,-20.81014048430928
32.36618705067989,49.02079042426761,-20.81014048440475
32.837796497403204,49.639166909568594,-20.8101404844534
33.293645393922574,50.2287191450957,-20.81014048445744
33.733158956173945,50.78967994759847,-20.81014048442002
34.155776623404165,51.32229271176578,-20.81014048434504
34.56095396652437,51.82680835189032,-20.810140484236946
34.948164448931976,52.30348239934917,-20.810140484100533
35.3169010467786,52.752572256287905,-20.81014048394082
35.66667773580788,53.17433460538848,-20.81014048376287
35.997030851897826,53.569022975176175,-20.81014048357168
36.30752033234315,53.93688545996272,-20.8101404833721
36.59773084472996,54.27816259322125,-20.810140483168716
36.867272810003726,54.59308537293743,-20.81014048296584
37.115783326029934,54.88187343727641,-20.810140482767423
37.342926997603755,55.144733388747106,-20.810140482577076
37.54839667849273,55.38185726493235,-20.810140482398012
37.731914130698335,55.59342115378809,-20.810140482233088
37.89323060570635,55.77958395149742,-20.810140482084783
38.03212735206374,55.940486260896094,-20.81014048195524
38.14841605317518,56.07624942856626,-20.810140481846254
38.241939198756924,56.186974718822036,-20.810140481759316
38.31257039292114,56.27274262298257,-20.810140481695615
38.3602146013915,56.33361230254199,-20.810140481656067
38.38480833987183,56.36962116509537,-20.81014048164133
38.38631980510532,56.38078457216056,-20.810140481651796
38.36474894967338,56.36709567833925,-20.81014048168762
38.32012750109177,56.32852540158074,-20.8101404817487
38.25251892526902,56.26502252463804,-20.81014048183468
38.16201833389853,56.17651392813224,-20.810140481944938
38.0487523348635,56.06290495595657,-20.81014048207857
37.91287882424333,55.92407991404997,-20.81014048223438
37.754586718022146,55.75990270384295,-20.81014048241083
37.574095621115795,55.57021759191984,-20.81014048260605
37.371655430853366,55.35485011764603,-20.8101404828178
37.14754587157311,55.113608140671836,-20.81014048304344
36.90207595652178,54.8462830303447,-20.810140483279934
36.63558337278016,54.55265099913598,-20.810140483523828
36.348433784478324,54.23247458221902,-20.81014048377126
36.04102004911152,53.885504265321934,-20.81014048401798
35.71376134132582,53.51148026292452,-20.810140484259357
35.36710217811357,53.11013444877612,-20.81014048449045
35.00151133894871,52.681192440583885,-20.810140484706075
34.61748067400856,52.22437584055974,-20.810140484900895
34.215523793280965,51.73940463332182,-20.810140485069528
33.796174629059024,51.225999742420406,-20.810140485206684
33.359985864095854,50.68388574649538,-20.810140485307354
32.90752721755192,50.11279375576423,-20.810140485366954
32.43938358084477,49.51246444917312,-20.810140485381563
31.956152995637567,48.882651272098556,-20.810140485348118
31.45844446651966,48.22312379393727,-20.810140485264636
30.946875601483313,47.53367122423091,-20.810140485130443
30.422070074141022,46.814106085094316,-20.81014048494637
29.88465490281501,46.06426803659691,-20.810140484714957
29.33525754323272,45.284027850317926,-20.810140484440566
28.774502793648917,44.473291524482796,-20.81014048412951
28.203009513863606,43.63200453180171,-20.81014048379007
27.621387162889896,42.760156188279645,-20.810140483432455
27.0302321640221,41.857784127751884,-20.81014048306864
26.430124110826803,40.92497886262418,-20.81014048271216
25.821621833180323,39.96188840617531,-20.810140482377747
25.20525934893272,38.968722925743535,-20.81014048208089
24.581541734087022,37.94575938913059,-20.8101404818373
23.950940952491827,36.89334615862643,-20.810140481662284
23.31389169484768,35.81190747825762,-20.810140481570023
22.670787286141234,34.70194779034735,-20.81014048157292
22.0219757301791,33.5640558074985,-20.81014048168083
21.367755969332446,32.39890825604602,-20.81014048190045
20.708374446457334,31.20727319736771,-20.810140482234715
20.044022063656403,29.99001282482282,-20.810140482682375
19.374831638436934,28.748085627254003,-20.810140483237674
18.700875961173903,27.482547805782986,-20.810140483890287
18.022166557854085,26.19455382994696,-20.810140484625364
17.338653258137946,24.885356022937096,-20.81014048542381
16.650224660208657,23.556303074588385,-20.81014048626264
15.95670957024305,22.208837395407073,-20.810140487115575
15.257879475462643,20.84449124557786,-20.810140487953614
14.553452085773802,19.464881599436207,-20.810140488745745
13.843095950553941,18.071703737710443,-20.810140489459695
13.12643612518284,16.666723595811003,-20.810140490062803
12.403060827860415,15.251768934949908,-20.810140490522905
11.672528992841428,13.82871944187978,-20.81014049080938
10.934378593422016,12.399495900242304,-20.81014049089441
10.188135578862175,10.966048609532624,-20.810140490754307
9.433323245825989,9.530345254291946,-20.810140490371023
8.669471848456677,8.094358444494665,-20.810140489733634
7.896128242985483,6.660053156942333,-20.81014048883986
7.1128653633129995,5.229374306284382,-20.81014048769725
6.319291333159776,3.804234663308678,-20.810140486324002
5.515058037391242,2.386503318388071,-20.81014048474926
4.699868998672456,0.9779948610679169,-20.810140483012727
3.8734864339988855,-0.419540585184431,-20.810140481163558
3.0357373969618924,-1.8044263687710271,-20.81014047925862
2.1865189438920796,-3.17506728718708,-20.8101404773601
1.3258022934673508,-4.529956500139514,-20.810140475532727
0.4536359784338828,-5.867681373264686,-20.810140473840743
-0.42985198641624645,-7.186928272818991,-20.810140472344887
-1.3244528747226256,-8.486486352073557,-20.81014047109951
-2.22987689580083,-9.76525038493415,-20.810140470150152
-3.1457536453488513,-11.022222711695784,-20.81014046953161
-4.071633279229296,-12.256514366326563,-20.8101404692666
-5.006988326928542,-13.467345454987194,-20.81014046936512
-5.951216061745216,-14.654044852495064,-20.81014046982446
-6.9036413479974135,-15.816049278044828,-20.810140470629815
-7.8635198908680435,-16.952901804587114,-20.810140471755428
-8.830041821265882,-18.064249848654278,-20.810140473166157
-9.802335555659589,-19.14984267980989,-20.810140474819402
-10.779471878713132,-20.209528481863316,-20.810140476667154
-11.760468204268568,-21.24325099197845,-20.810140478658212
-12.7442929774285,-22.251045739133883,-20.81014048074029
-13.729870186912576,-23.233035900258272,-20.81014048286204
-14.716083962307142,-24.189427790860165,-20.810140484974873
-15.701783235174961,-25.120506007088267,-20.81014048703447
-16.685786446191102,-26.026628237806232,-20.810140489002006
-17.666886282530676,-26.908219768280333,-20.810140490845004
-18.643854430719095,-27.76576770123285,-20.81014049253783
-19.615446330178823,-28.59981492603016,-20.810140494061862
-20.58040591192443,-29.410953872334492,-20.810140495405324
-21.53747030545889,-30.199820090306066,-20.810140496562855
-22.485374495123637,-30.967085705039644,-20.810140497534867
-23.422855905181176,-31.713452797998535,-20.81014049832669
-24.348658890993445,-32.439646772433086,-20.8101404989477
-25.261539112023325,-33.146409762836704,-20.810140499410345
-26.160267761230056,-33.83449415015086,-20.81014049972921
-27.043635624917478,-34.50465624449911,-20.81014049992018
-27.91045694735028,-35.15765019560245,-20.810140499999637
-28.75957307554972,-35.79422218768591,-20.81014049998384
-29.58985586163595,-36.41510497069449,-20.810140499888444
-30.400210802863825,-37.02101277314588,-20.810140499728103
-31.18957990301847,-37.61263663418065,-20.810140499516255
-31.956944242967545,-38.19064018361178,-20.81014049926498
-32.70132625274902,-38.755655889349,-20.810140498984957
-33.42179168242346,-39.308281781829486,-20.81014049868552
-34.117451273847294,-39.84907865537416,-20.8101404983747
-34.78746214033951,-40.3785677370449,-20.81014049805933
-35.43102886574396,-40.8972288049032,-20.810140497745145
-36.04740433847999,-41.40549872982186,-20.810140497436933
-36.635890339701966,-41.90377040838026,-20.810140497138566
-37.19583790756146,-42.39239204902411,-20.810140496853148
-37.72664750172594,-42.87166676967483,-20.81014049658306
-38.227768993729306,-43.34185246236253,-20.81014049633002
-38.69870150941466,-43.8031618792058,-20.810140496095144
-39.13899314970761,-44.255762894110354,-20.810140495879008
-39.54824061527601,-44.69977889580847,-20.81014049568166
-39.92608875935421,-45.135289270194114,-20.810140495502697
-40.27223009120894,-45.56232993318613,-20.810140495341294
-40.58640425048083,-45.980893879431626,-20.810140495196283
-40.868397470032576,-46.39093171689411,-20.810140495066193
-41.118042042055365,-46.79235216261132,-20.81014049494936
-41.335215799111744,-47.185022480512494,-20.810140494843957
-41.51984161860588,-47.56876884801717,-20.81014049474817
-41.671886955950214,-47.94337664406574,-20.810140494660256
-41.79136340851669,-48.30859065712644,-20.810140494578683
-41.87832630939744,-48.66411521746286,-20.810140494502264
-41.932874347127374,-49.00961426340612,-20.810140494430282
-41.95514920491317,-49.344711356439554,-20.810140494362656
-41.945335210640145,-49.66898966445269,-20.81014049430005
-41.90365898705902,-49.9819919364436,-20.81014049424401
-41.83038909015037,-50.28322049513638,-20.81014049419707
-41.72583562278139,-50.572137276337564,-20.810140494162805
-41.59034981044953,-50.848163945297806,-20.810140494145898
-41.424323526179805,-51.11068212081242,-20.81014049415209
-41.228188752515464,-51.35903373724657,-20.810140494188104
-41.00241697000234,-51.59252157310522,-20.81014049426151
-40.74751846357647,-51.810409972212305,-20.810140494380484
-40.46404154075725,-52.01192578008789,-20.81014049455352
-40.15257165843179,-52.19625951382591,-20.81014049478905
-39.81373045817236,-52.36256677882489,-20.810140495095016
-39.448174713320235,-52.509969940292684,-20.810140495478414
-39.05659519434084,-52.63756005174036,-20.81014049594474
-38.63971546204575,-52.74439903692591,-20.810140496497514
-38.19829060102613,-52.82952211613422,-20.81014049713778
-37.73310590789842,-52.891940462507634,-20.810140497863646
-37.24497555059467,-52.93064406957354,-20.81014049866993
-36.73474121583226,-52.94460480731998,-20.810140499547863
-36.20327076199769,-52.93277964127675,-20.81014050048495
-35.651456893941436,-52.89411398714841,-20.81014050146491
-35.08021587460772,-52.82754517264939,-20.81014050246779
-34.49048628605179,-52.732005978292726,-20.81014050347022
-33.88322784929865,-52.6064282299243,-20.81014050444575
-33.259420308767325,-52.44974641767756,-20.810140505365393
-32.62006238273858,-52.26090131863147,-20.810140506198213
-31.966170776706115,-52.03884360365068,-20.81014050691204
-31.298779251550304,-51.78253741253875,-20.81014050747431
-30.61893773343061,-51.49096388561295,-20.81014050785287
-29.927711447218567,-51.16312464400647,-20.810140508017003
-29.22618005028255,-50.79804521533599,-20.81014050793833
-28.515436738561153,-50.39477840578726,-20.81014050759189
-27.796587292178202,-49.95240762415019,-20.810140506957143
-27.07074902339109,-49.47005016788895,-20.81014050601909
-26.33904958543847,-48.94686048600688,-20.810140504769304
-25.602625596861852,-48.38203343832844,-20.810140503207037
-24.862621032104546,-47.77480757595811,-20.810140501340253
-24.120185325624117,-47.12446847318467,-20.810140499186655
-23.376471133375585,-46.43035214707366,-20.81014049677459
-22.632631692330886,-45.69184860750592,-20.810140494143873
-21.8898177157175,-44.9084055875208,-20.810140491346395
-21.149173758947306,-44.07953251149498,-20.81014048844651
-20.41183398888428,-43.204804766837626,-20.810140485521057
-19.67891728736496,-42.28386835330156,-20.81014048265891
-18.95152161904426,-41.31644499233591,-20.810140479959976
-18.230717594136195,-40.30233778657737,-20.810140477533437
-17.517541159075822,-39.24143752578077,-20.810140475495068
-16.812985353383112,-38.13372973910157,-20.810140473963518
-16.11799108015287,-36.979302593170075,-20.81014047305543
-15.433436852004265,-35.77835572893204,-20.810140472879183
-14.760127495668783,-34.531210115419974,-20.81014047352752
-14.098781828615985,-33.23831897269152,-20.810140475068984
-13.450019362332549,-31.90027977602471,-20.810140477538823
-12.814346141209104,-30.517847295881133,-20.810140480930013
-12.192139895287472,-29.091947550183303,-20.810140485185457
-11.583634770471884,-27.6236924449885,-20.810140490193067
-10.9889060009414,-26.114394756223014,-20.810140495785177
-10.40785500300301,-24.56558296100887,-20.810140501744446
-9.840195492070663,-22.979015268390878,-20.810140507817334
-9.285441345600692,-21.356692037086624,-20.81014051373574
-8.742897041098368,-19.700865619139936,-20.810140519245557
-8.211651572006371,-18.014046555669708,-20.810140524138717
-7.690576764679212,-16.299005001186693,-20.81014052828317
-7.178330865551253,-14.558766294249512,-20.810140531643682
-6.673368121271328,-12.796599748683663,-20.810140534286234
-6.173954826624537,-11.01600002495452,-20.81014053636128
-5.678191969483184,-9.220660852307862,-20.810140538065845
-5.184044179811529,-7.414441383765564,-20.81014053959035
-4.689374229488568,-5.601326029821411,-20.81014054106212
-4.1919818839939795,-3.7853791661137226,-20.8101405425001
-3.689645534401326,-1.9706965707181305,-20.810140543794073
-3.1801647921891343,-0.16135574947189493,-20.810140544715487
-2.661402147297531,1.638632594612609,-20.810140544958397
-2.131321884041303,3.425369814806703,-20.810140544200557
-1.5880247047373528,5.195109487529735,-20.810140542169584
-1.0297768880030136,6.944291156313355,-20.810140538698803
-0.455033253305672,8.669566869218967,-20.81014053376158
0.13754634252016285,10.367820283965335,-20.810140527479348
0.7490868384096372,12.03617861368911,-20.810140520105413
1.3804936587880479,13.672018080525518,-20.810140511991193
2.0324535490421924,15.27296381192368,-20.810140503543675
2.7054397075297145,16.836885255034634,-20.810140495182317
3.399720315693882,18.361888212981732,-20.810140487301783
4.115369589887931,19.84630454812809,-20.810140480243874
4.852280550998734,21.288680479531155,-20.810140474279947
5.610178810883331,22.68776425092379,-20.810140469602885
6.38863679109215,24.04249378355453,-20.810140466326985
7.18708790658277,25.351984771095452,-20.810140464493504
8.004840356552544,26.61551953195885,-20.81014046407976
8.84109026121715,27.83253681328317,-20.810140465010008
9.69493396526174,29.00262264238025,-20.810140467166782
10.565379395719855,30.125502244860787,-20.810140470401837
11.451356415372388,31.201032991717376,-20.81014047454607
12.351726154243993,32.229198297332914,-20.81014047941823
13.265289333479735,33.210102363484616,-20.81014048483241
14.190793619834038,34.14396564787419,-20.81014049060421
15.126940067007478,35.03112092683739,-20.810140496555928
16.072388713637885,35.872009818430975,-20.810140502520724
17.02576341807992,36.6671796323051,-20.81014050834602
17.985656018063946,37.417280415349744,-20.810140513896222
18.95062990948991,38.12306206618628,-20.810140519054897
19.919223143307132,38.785371396663685,-20.810140523726428
20.88995114275881,39.405149024435765,-20.8101405278372
21.861309145153864,39.98342598752184,-20.810140531336323
22.831774472555832,40.521319979771356,-20.810140534195842
23.79980873404283,41.02003111577589,-20.81014053641036
24.76386005814604,41.48083714548122,-20.810140537996062
25.72236544737739,41.905088053012506,-20.810140538989092
26.67375333713699,42.29419999141236,-20.810140539443164
27.61644642859821,42.64964852530179,-20.810140539426506
28.54886484943219,42.97296117685759,-20.810140539018217
29.469429677708074,43.26570929658942,-20.810140538304086
30.376566843498104,43.529499308480965,-20.81014053737218
31.26871140039706,43.765963408060365,-20.81014053630833
32.144312136340915,43.97674982049857,-20.810140535191984
33.00183647097074,44.16351275227901,-20.810140534092525
33.83977556662492,44.3279021926104,-20.810140533066505
34.65664956313355,44.47155373788818,-20.81014053215584
35.451012834078384,44.59607862269701,-20.810140531387212
36.2214591549611,44.70305414302324,-20.810140530772543
36.96662667232833,44.79401465097755,-20.810140530310555
37.68520256745097,44.87044328548846,-20.810140529989066
38.37592731832239,44.933764580819265,-20.810140529787816
39.037598478788226,44.98533806566215,-20.810140529681547
39.66907391247382,45.02645293170529,-20.810140529642972
40.26927444053004,45.05832381397469,-20.810140529645384
40.83718588467047,45.08208768804204,-20.810140529664793
41.371860509150004,45.09880185339356,-20.810140529681444
41.87241788601005,45.109442939644836,-20.810140529680663
42.33804522609618,45.114906844260545,-20.81014052965317
42.767997233333105,45.116009487946876,-20.810140529594918
43.161595551115,45.11348825741843,-20.810140529506448
43.51822787731704,45.10800399486411,-20.81014052939213
43.83734682848234,45.100143388850725,-20.810140529259233
44.11846863449927,45.09042162204205,-20.81014052911695
44.361171742994536,45.079285136234496,-20.810140528975467
44.565095408226334,45.06711438399965,-20.81014052884521
44.72993833297912,45.054226447858326,-20.81014052873609
44.85545742431099,45.040877421635436,-20.810140528656976
44.94146671540285,45.02726446380846,-20.810140528615268
44.98783649653811,45.013527448742416,-20.810140528616582
44.994492688656834,44.999750158313866,-20.810140528664526
44.96141648314967,44.98596097330411,-20.810140528760595
44.88864426168993,44.9721330409339,-20.810140528904114
44.776267800000596,44.9581839119458,-20.810140529092294
44.62443474953746,44.94397465769146,-20.810140529320343
44.43334938115497,44.929308494739985,-20.810140529581655
44.20327356493267,44.913928961558426,-20.810140529868175
43.93452795053884,44.897517708739706,-20.810140530170766
43.627493302911724,44.879691980892346,-20.81014053047982
43.282611938833085,44.86000188437339,-20.810140530785933
42.90038920142397,44.83792755012363,-20.810140531080723
42.481394902060806,44.8128763143979,-20.810140531357742
42.02626465312334,44.78418005149161,-20.81014053161346
41.535701010833186,44.75109280086449,-20.810140531848162
41.0104743457418,44.71278883551473,-20.810140532066765
40.451423359679666,44.66836131823585,-20.810140532279366
39.85945517261252,44.61682168676158,-20.810140532501357
39.235544911158655,44.55709989723157,-20.81014053275313
38.580734742596704,44.48804563764221,-20.810140533059066
37.8961323138744,44.40843059910883,-20.810140533445974
37.18290857395985,44.316951863431136,-20.810140533940864
36.44229497909602,44.212236431659676,-20.810140534568202
35.675580103080144,44.09284688159714,-20.810140535346854
34.88410569732052,43.957288104285226,-20.81014053628698
34.069262266719896,43.804015032619155,-20.81014053738716
33.23248424598111,43.63144124145151,-20.810140538632098
32.3752448754344,43.4379482699207,-20.8101405399912
31.499050884902026,43.22189549496862,-20.810140541418203
30.605437097761257,42.98163037131262,-20.810140542852025
29.695961064981137,42.71549884812775,-20.810140544218797
28.772197830682504,42.42185577635302,-20.810140545434926
27.835734917312212,42.099075132225,-20.810140546411056
26.888167600786257,41.745559901211614,-20.810140547056562
25.931094525135983,41.35975149044006,-20.810140547284266
24.96611368359635,40.94013856526112,-20.81014054701506
23.994818770006745,40.48526523501179,-20.810140546182243
23.018795882040173,39.99373854270936,-20.810140544735223
22.039620537124193,39.46423524196197,-20.810140542642564
21.05885494370802,38.89550787077256,-20.810140539894235
20.078045455241384,38.28639015546611,-20.810140536503102
19.0987201220845,37.63580179835269,-20.81014053250566
18.12238624756855,36.94275271992673,-20.81014052796212
17.15052784840562,36.20634684060843,-20.8101405229558
16.18460291632763,35.42578549862852,-20.810140517592064
15.226040376883397,34.60037061008517,-20.81014051199665
14.276236642416372,33.72950768489759,-20.810140506313545
13.336551659115825,32.81270881868962,-20.81014050070233
12.408304352524437,31.84959578574733,-20.810140495334867
11.492767381992065,30.83990336206838,-20.810140490391394
10.591161122481093,29.783483009838122,-20.81014048605576
9.704646802279406,28.680307054766285,-20.810140482509805
8.834318738254321,27.5304734845508,-20.810140479926673
7.9811956272681455,26.33421148882721,-20.810140478463094
7.1462108745549155,25.091887846394517,-20.8101404782506
6.3302019687894004,23.804014241935192,-20.810140479385893
5.533898951038425,22.471255559170743,-20.81014048192071
4.757912072625721,21.094439147528682,-20.810140485851882
4.00271879687018,19.67456499215986,-20.81014049111261
3.2686503728768024,18.212816630314354,-20.81014049756637
2.5558782962761373,16.71057254964914,-20.81014050500504
1.8644010705947263,15.169417677055627,-20.81014051315322
1.1940317899991568,13.591154424185333,-20.810140521680367
0.5443871725873752,11.977812606244871,-20.810140530221588
-0.08512122736070288,10.331657406982702,-20.810140538406934
-0.6952928240503182,8.655194443450217,-20.810140545896914
-1.2871399829045231,6.951170911915032,-20.81014055241971
-1.8618853676197835,5.222571796410969,-20.810140557803777
-2.4209539400755564,3.472610217589445,-20.810140561998445
-2.965959092856418,1.7047112088999592,-20.810140565075784
-3.498682676109603,-0.07751146582078068,-20.810140567210485
-4.021049041072694,-1.8702854078795412,-20.810140568639092
-4.5350936340320755,-3.6697160450916195,-20.810140569606094
-5.042927094536144,-5.471828392388324,-20.81014057030875
-5.546696189167985,-7.272612573511823,-20.810140570854166
-6.048543195481893,-9.068071208160296,-20.810140571239515
-6.5505654980639525,-10.854266579647774,-20.81014057136006
-7.0547771472281235,-12.62736550698121,-20.810140571042034
-7.563073961884275,-14.38368005110059,-20.81014057009083
-8.077203456795525,-16.119702555899206,-20.810140568341623
-8.598740484221793,-17.832134005056552,-20.810140565700408
-9.129069053223837,-19.517905198822476,-20.81014056216754
-9.669370377795246,-21.174190755795344,-20.810140557841244
-10.22061684883356,-22.798416371512808,-20.810140552903633
-10.783571351285635,-24.388260085757903,-20.810140547594997
-11.358791167229843,-25.941648511921805,-20.81014054218319
-11.946635615029434,-27.45674907025395,-20.810140536934007
-12.547276561091843,-28.931959260332565,-20.810140532086873
-13.160710986065771,-30.365893930847328,-20.81014052783793
-13.786774872149516,-31.757371382135517,-20.810140524330855
-14.425157784879117,-33.1053989915987,-20.810140521654453
-15.075417636928284,-34.409158902276246,-20.810140519845504
-15.73699523258666,-35.66799417333733,-20.810140518895153
-16.40922829291065,-36.881395666022485,-20.810140518757166
-17.09136474940912,-38.048989833504834,-20.8101405193569
-17.78257516724585,-39.170527499121896,-20.810140520599965
-18.481964217640698,-40.245873643320856,-20.810140522380067
-19.18858116473944,-41.27499817317,-20.81014052458573
-19.90142936649642,-42.25796761660273,-20.81014052710573
-20.619474814016638,-43.1949376637804,-20.810140529833326
-21.341653751203612,-44.086146467375436,-20.810140532669397
-22.066879428127688,-44.93190860981208,-20.810140535524578
-22.794048048685486,-45.73260964657368,-20.810140538320596
-23.522043977022786,-46.48870113899885,-20.81014054099098
-24.249744268750877,-47.200696096313244,-20.81014054348117
-24.976022592896275,-47.869164754056996,-20.810140545748368
-25.699752609299374,-48.4947306239125,-20.810140547760962
-26.419810864186857,-49.07806675776323,-20.810140549497778
-27.1350792641385,-49.619892176336144,-20.81014055094725
-27.84444718581634,-50.120968419839414,-20.810140552106418
-28.546813275725448,-50.58209618453337,-20.810140552979895
-29.241086990985576,-51.00411201516313,-20.810140553578847
-29.926189928638685,-51.387885028674,-20.8101405539199
-30.601056987406057,-51.734313649688666,-20.810140554024148
-31.264637402039945,-52.04432234292147,-20.810140553916114
-31.915895686487044,-52.318858332111134,-20.81014055362281
-32.5538125179983,-52.558888299232464,-20.8101405531728
-33.17738559009431,-52.76539506174337,-20.810140552595332
-33.785630457953715,-52.93937422946158,-20.810140551919563
-34.377581395373866,-53.08183084634476,-20.810140551173816
-34.952292278012735,-53.193776025944274,-20.810140550384926
-35.508837503228655,-53.27622359256839,-20.810140549577707
-36.04631295257121,-53.3301867431577,-20.81014054877448
-36.56383699893174,-53.35667474746044,-20.810140547994738
-37.06055155663152,-53.35668970620723,-20.810140547254893
-37.53562316940241,-53.33122338853008,-20.810140546568157
-37.988244128386604,-53.281254170765806,-20.810140545944527
-38.41763361002326,-53.2077440989583,-20.81014054539087
-38.823038822057704,-53.11163609678283,-20.81014054491111
-39.203736144937395,-52.9938513392415,-20.810140544506503
-39.559032255556026,-52.85528681034004,-20.810140544175958
-39.88826522065442,-52.69681306010525,-20.810140543916425
-40.190805548136346,-52.519272172828074,-20.810140543723296
-40.46605718603754,-52.32347595443938,-20.81014054359082
-40.713458460802364,-52.110204342589626,-20.81014054351251
-40.932482948763884,-51.88020403847504,-20.81014054348152
-41.12264027716893,-51.63418735490479,-20.81014054349097
-41.28347685361366,-51.3728312707113,-20.810140543534242
-41.41457652523574,-51.09677667753618,-20.810140543605193
-41.51556117133099,-50.80662780142584,-20.810140543698353
-41.58609123512606,-50.502951778673925,-20.81014054380902
-41.62586620215894,-50.18627836304975,-20.810140543933336
-41.63462503403375,-49.85709974002677,-20.810140544068293
-41.61214656718042,-49.51587042291149,-20.810140544211713
-41.55824988664024,-49.16300720588374,-20.81014054436221
-41.47279468481139,-48.79888914987943,-20.810140544519097
-41.35568161453456,-48.423857578938595,-20.810140544682298
-41.20685264490598,-48.03821606704802,-20.810140544852256
-41.02629142680983,-47.64223039855767,-20.810140545029792
-40.81402367341124,-47.23612848885951,-20.810140545216047
-40.570117558797996,-46.82010025609523,-20.810140545412345
-40.29468413566123,-46.39429743910865,-20.810140545620083
-39.98787777042316,-45.958833361577,-20.81014054584068
-39.64989659161691,-45.51378264714017,-20.810140546075473
-39.280982944663194,-45.0591808952889,-20.810140546325623
-38.881423843537554,-44.59502433266433,-20.810140546592084
-38.451551407245795,-44.12126945914763,-20.810140546875505
-37.991743266592685,-43.637832712565235,-20.81014054717617
-37.50242292450722,-43.144590179884105,-20.810140547493987
-36.98406005124537,-42.64137738630336,-20.81014054782837
-36.43717069419445,-42.12798919654401,-20.81014054817822
-35.86231738081629,-41.6041798647831,-20.810140548541852
-35.260109092547296,-41.06966327096367,-20.810140548916923
-34.631201087272984,-40.52411338154191,-20.810140549300364
-33.97629454835225,-39.96716497203032,-20.81014054968829
-33.296136039106756,-39.39841464690756,-20.81014055007592
-32.59151674322074,-38.817422189567395,-20.810140550457504
-31.863271473602623,-38.223712270985416,-20.810140550826205
-31.11227743490466,-37.616776540744986,-20.810140551174072
-30.339452728020376,-36.99607611807959,-20.81014055149197
-29.54575458839776,-36.36104449379851,-20.81014055176957
-28.732177353812666,-35.71109084654636,-20.81014055199544
-27.899750161219675,-35.04560376902335,-20.810140552157115
-27.04953437630105,-34.363955391806,-20.81014055224133
-26.182620763228893,-33.66550588452087,-20.810140552234316
-25.30012640580474,-32.94960830660208,-20.810140552122206
-24.403191394419654,-32.2156137729636,-20.81014055189155
-23.492975296082335,-31.46287689387126,-20.810140551529877
-22.57065342701584,-30.69076144330159,-20.81014055102646
-21.637412948982657,-29.898646206269042,-20.810140550372992
-20.69444881155755,-29.08593095307731,-20.810140549564355
-19.742959563061465,-28.25204248722743,-20.810140548599374
-18.784143052869606,-27.39644071375432,-20.81014054748147
-17.81919204741796,-26.518624675961338,-20.81014054621923
-16.84928978158932,-25.61813851072027,-20.81014054482674
-15.875605466416157,-24.69457727549593,-20.810140543323797
-14.899289773360438,-23.74759260379875,-20.810140541735812
-13.92147031498665,-22.776898149601156,-20.810140540093464
-12.943247141795677,-21.782274785099982,-20.810140538432055
-11.96568827547615,-20.7635755197984,-20.810140536790595
-10.989825299974846,-19.720730111964755,-20.81014053521063
-10.016649033672346,-18.65374934587955,-20.810140533734803
-9.047105308617072,-17.5627289497259,-20.810140532405317
-8.082090886215706,-16.44785312938474,-20.810140531262185
-7.122449542942192,-15.309397692701056,-20.810140530341556
-6.168968364395155,-14.147732737000274,-20.810140529673983
-5.222374291225065,-12.963324869847511,-20.810140529282968
-4.283330965824052,-11.756738929439269,-20.810140529183585
-3.352435933912651,-10.528639166875246,-20.810140529381613
-2.430218259895624,-9.27978984825284,-20.810140529872896
-1.5171366186638306,-8.01105523052639,-20.810140530643295
-0.6135779289175398,-6.723398861926824,-20.810140531669035
0.28014340641793056,-5.417882156054558,-20.810140532917593
1.163785589013119,-4.095662189176455,-20.810140534349078
2.0371787842669407,-2.7579886733976178,-20.810140535917867
2.900223699785328,-1.4062000647911688,-20.810140537574735
3.7528893436467192,-0.0417187756703918,-20.810140539268975
4.595209937799345,1.3339545258051744,-20.810140540950655
5.427280980161758,2.719247527629594,-20.810140542572714
6.249254470111851,4.112523775121432,-20.810140544092818
7.06133333534284,5.512091014641519,-20.810140545474884
7.863765122568533,6.916210307253536,-20.81014054669013
8.65683503908687,8.32310581326672,-20.810140547717705
9.440858455424737,9.730975123188902,-20.810140548544872
10.21617299980417,11.137999987868175,-20.810140549166768
10.98313039167303,12.54235728208015,-20.810140549585846
11.742088172902962,13.9422300228953,-20.810140549811134
12.493401500644886,15.335818257870242,-20.81014054985722
13.237415164804231,16.721349639032685,-20.81014054974329
13.974455985647431,18.097089506842906,-20.81014054949206
14.704825733609981,19.461350323361312,-20.810140549128732
15.428794694776204,20.812500314798307,-20.81014054868001
16.146595982890013,22.14897120915427,-20.810140548173116
16.858420673490677,23.469264983206536,-20.810140547634905
17.564413809286894,24.771959562999484,-20.810140547090995
18.264671299586723,26.05571345162245,-20.810140546565002
18.959237711745494,27.31926928597226,-20.810140546077857
19.648104930207328,28.561456349219373,-20.810140545647254
20.331211639554205,29.78119208698282,-20.810140545287226
21.008443572501967,30.97748269227181,-20.81014054500789
21.67963445218009,32.14942283690071,-20.810140544815354
22.344567550238807,33.29619463544714,-20.810140544711828
23.00297777808451,34.41706593224138,-20.810140544695837
23.654554227449005,35.5113880028504,-20.810140544762614
24.298943078060113,36.57859275964266,-20.810140544904602
24.935750793870262,37.61818954691516,-20.810140545111995
25.564547534588215,38.62976160534125,-20.810140545373358
26.184870715652625,39.61296227871437,-20.810140545676248
26.79622865684335,40.567511028604926,-20.810140546007766
27.398104267073446,41.49318931501518,-20.810140546355125
27.989958720236448,42.3898363937234,-20.81014054670612
28.57123508406598,43.257345073983444,-20.810140547049468
29.14136187062583,44.09565747374523,-20.810140547375184
29.699756483174752,44.90476080367659,-20.810140547674724
30.245828539673177,45.684683206039374,-20.810140547941153
30.77898305809031,46.435489669902125,-20.810140548169183
31.298623492929984,47.157278040232406,-20.81014054835514
31.8041546160447,47.85017513505572,-20.81014054849694
32.294985237887104,48.5143329820372,-20.810140548593917
32.77053076790424,49.14992518347401,-20.8101405486467
33.23021561486382,49.757143416715934,-20.810140548657046
33.67347542956914,50.33619407539853,-20.810140548627647
34.09975919372165,50.88729505552138,-20.81014054856194
34.50853115968018,51.410672689283885,-20.81014054846394
34.89927264658852,51.90655882866049,-20.81014054833806
35.271483698843085,52.375188079920804,-20.810140548188954
35.62468461318517,52.81679518964933,-20.810140548021383
35.95841734086232,53.23161258227298,-20.810140547840092
36.27224677133797,53.619868048644136,-20.81014054764972
36.56576190396122,53.98178258484289,-20.810140547454694
36.838576913859406,54.31756838004377,-20.81014054725921
37.09033211810098,54.627426952037005,-20.81014054706715
37.320694847907596,54.91154742879682,-20.810140546882085
37.529360232383084,55.170104974349826,-20.810140546707242
37.716051898880984,55.40325935711282,-20.8101405465455
37.880522594757764,55.611153658841786,-20.810140546399403
38.02255473486079,55.79391312236032,-20.810140546271164
38.14196087868268,55.951644136316204,-20.810140546162692
38.23858414067976,56.0844333553446,-20.810140546075584
38.3122985368046,56.19234695419441,-20.81014054601116
38.363009269843445,56.2754300145935,-20.810140545970476
38.390652955681134,56.333706043884774,-20.81014054595433
38.395197792139754,56.367176624750776,-20.810140545963275
38.376643671555875,56.375821195652094,-20.810140545997616
38.33502223777573,56.35959696192631,-20.81014054605741
38.27039688775937,56.31843893782037,-20.810140546142463
38.18286271749614,56.252260120052256,-20.810140546252313
38.07254641144496,56.16095179380824,-20.8101405463862
37.93960607422453,56.044383972372366,-20.81014054654307
37.78423100279309,55.90240597184838,-20.810140546721545
37.606641396872035,55.734847122663965,-20.810140546919847
37.40708800488534,55.541517619739444,-20.810140547135855
37.18585170220511,55.322209513353975,-20.810140547367016
36.9432429980129,55.07669784284996,-20.81014054761034
36.67960146660592,54.80474191538169,-20.810140547862407
36.39529509849697,54.50608673193748,-20.810140548119335
36.09071956617634,54.18046456284921,-20.81014054837682
35.76629739892424,53.827596674953085,-20.810140548630116
35.42247706058609,53.44719521248491,-20.81014054887414
35.05973192375277,53.03896523368722,-20.81014054910349
34.67855913333063,52.602606904979076,-20.810140549312543
34.27947835204973,52.13781785439453,-20.810140549495582
33.86303038005507,51.6442956858359,-20.810140549646928
33.42977564037073,51.121740655509704,-20.810140549761105
32.98029252174088,50.56985851171246,-20.810140549833033
32.51517557016089,49.988363498899275,-20.810140549858232
32.03503352034729,49.37698152668351,-20.810140549833065
31.540487158496976,48.735453504056004,-20.81014054975496
31.032167007998513,48.063538838643375,-20.81014054962267
30.510710830336265,47.36101910020302,-20.810140549436486
29.976760934333196,46.627701846721024,-20.810140549198476
29.43096128817993,45.86342461037063,-20.810140548912642
28.873954430474065,45.06805903912174,-20.81014054858506
28.306378178828357,44.241515187872224,-20.810140548223956
27.728862137587356,43.38374595049477,-20.81014054783968
27.14202400990935,42.49475162104491,-20.810140547444608
26.54646572400972,41.574584568437864,-20.810140547052917
25.94276938880098,40.62335400405924,-20.810140546680287
25.33149310056213,39.64123081592235,-20.810140546343405
24.71316662965807,38.628452436042814,-20.810140546059475
24.088287024698207,37.58532769962801,-20.810140545845506
23.457314180808645,36.51224164549217,-20.81014054571761
22.820666428756674,35.40966019690297,-20.810140545690203
22.178716212285174,34.278134651041356,-20.81014054577522
21.531785931857264,33.118305893734934,-20.81014054598137
20.880144043630537,31.93090824457393,-20.81014054631345
20.224001512303705,30.716772826557857,-20.810140546771823
19.563508724814184,29.47683034483041,-20.81014054735205
18.89875297791672,28.21211315175732,-20.810140548044707
18.229756655575237,26.923756471609426,-20.810140548835456
17.556476210969723,25.61299865849521,-20.81014054970526
16.878802061932273,24.281180366960996,-20.810140550630813
16.196559497103276,22.92974252670622,-20.810140551585103
15.50951067261161,21.56022303172537,-20.810140552538048
14.817357755554168,20.174252080059105,-20.810140553457195
14.119747241343523,18.77354613286201,-20.81014055430846
13.416275437969258,17.359900499721572,-20.81014055505688
12.706495072752547,15.93518059951961,-20.810140555667466
11.989922938103826,14.501311990471693,-20.81014055610612
11.266048454315152,13.060269306735304,-20.810140556340805
10.534342991912867,11.614064279336345,-20.810140556342823
9.79426976591457,10.164733053355691,-20.810140556088392
9.045294091566884,8.714323038892564,-20.81014055556033
8.286893777392413,7.264879548424588,-20.81014055474982
7.518569427591335,5.818432476766487,-20.810140553658066
6.7398544322063945,4.376983271771617,-20.81014055229758
5.950324439371867,2.942492425043534,-20.81014055069299
5.149606128126088,1.5168676838859336,-20.810140548881122
4.3373851308206275,0.10195315081476018,-20.810140546910315
3.513412988910207,-1.300480602141359,-20.810140544838845
2.6775130625408647,-2.6887453176522236,-20.810140542732633
1.829585350654009,-4.061242688473689,-20.810140540662328
0.9696102123546486,-5.416470832683597,-20.810140538699965
0.09765101052270654,-6.753029628426195,-20.81014053691552
-0.7861442759828156,-8.06962495273906,-20.810140535373538
-1.6815424052469243,-9.365071887417367,-20.810140534130106
-2.5882251097217255,-10.638296966792463,-20.810140533230356
-3.5057901285328104,-11.888339548269414,-20.810140532706647
-4.43375294091844,-13.11435238729311,-20.81014053257747
-5.371549107086218,-14.315601495091734,-20.810140532847093
-6.318537126190778,-15.49146535115128,-20.81014053350593
-7.274001727126555,-16.641433533962307,-20.81014053453158
-8.237157515608464,-17.76510482412546,-20.810140535890337
-9.207152909863147,-18.862184824257618,-20.810140537539162
-10.18307430654628,-19.932483131010713,-20.81014053942792
-11.16395042770874,-20.9759100864534,-20.810140541501752
-12.148756808328802,-21.992473129474398,-20.810140543703476
-13.13642039177851,-22.98227276301283,-20.81014054597591
-14.125824207359845,-23.945498149946403,-20.810140548263973
-15.115812109571708,-24.882422349408703,-20.810140550516554
-16.105193562968214,-25.793397206100472,-20.81014055268803
-17.09274845932516,-26.678847907665688,-20.810140554739395
-18.077231955389003,-27.53926722920725,-20.81014055663903
-19.057379319840354,-28.37520948924589,-20.810140558363045
-20.03191077741058,-29.18728424755368,-20.810140559895274
-20.999536336536753,-29.976149781956575,-20.81014056122693
-21.958960584752816,-30.74250638800596,-20.81014056235597
-22.908887433444054,-31.48708955196394,-20.81014056328627
-23.84802479090182,-32.2106630534318,-20.810140564026604
-24.775089140069678,-32.91401205879989,-20.810140564589602
-25.688809995220673,-33.597936270177485,-20.810140564990682
-26.587934210270635,-34.26324319630176,-20.81014056524699
-27.47123011069429,-34.91074161193258,-20.810140565376543
-28.33749142119925,-35.54123527031178,-20.810140565397393
-29.185540962496987,-36.155516929397564,-20.81014056532702
-30.014234092696334,-36.754362746871294,-20.810140565181868
-30.82246187197929,-37.338527091543874,-20.810140564977033
-31.609153933188733,-37.90873781003271,-20.810140564726083
-32.37328104560438,-38.46569197777359,-20.810140564441
-33.113857364312565,-39.010052152953826,-20.81014056413222
-33.829942362971664,-39.54244314120409,-20.81014056380871
-34.52064245321645,-40.06344926826248,-20.81014056347809
-35.185112299216314,-40.57361214769938,-20.81014056314677
-35.822555840809216,-41.073428921494205,-20.810140562820127
-36.43222704300896,-41.563350943059355,-20.810140562502554
-37.013430393396256,-42.04378286542025,-20.810140562197628
-37.56552117186254,-42.51508209182388,-20.81014056190819
-38.08790551932447,-42.97755854213253,-20.81014056163639
-38.58004033335026,-43.43147468597695,-20.810140561383754
-39.041433019150226,-43.87704579274817,-20.81014056115123
-39.471641124125064,-44.31444034901399,-20.81014056093921
-39.87027188319894,-44.743780595732666,-20.810140560747584
-40.23698170056648,-45.16514314055898,-20.810140560575757
-40.57147559134047,-45.57855960443998,-20.810140560422703
-40.87350660399087,-45.98401726641453,-20.810140560287024
-41.142875241508065,-46.38145967590105,-20.810140560167014
-41.37942889599571,-46.770787207620934,-20.81014056006072
-41.583061307989105,-47.15185754050948,-20.81014055996605
-41.7537120582909,-47.52448604836552,-20.810140559880892
-41.89136609659894,-47.888446096446366,-20.810140559803205
-41.996053307754174,-48.24346924459184,-20.810140559731195
-42.06784811313843,-48.58924536362938,-20.81014055966342
-42.10686910168229,-48.92542267764305,-20.810140559598977
-42.11327868218089,-49.25160775005602,-20.81014055953765
-42.08728274623623,-49.56736543625234,-20.810140559480065
-42.02913032922347,-49.87221882952882,-20.81014055942782
-41.939113255282884,-50.16564923040369,-20.81014055938362
-41.817565751529045,-50.447096171611925,-20.810140559351332
-41.664864016491634,-50.7159575323967,-20.810140559336055
-41.48142572828556,-50.97158977589674,-20.810140559344067
-41.26770947916207,-51.21330834249367,-20.81014055938273
-41.02421412489659,-51.44038822992026,-20.810140559460343
-40.75147803987633,-51.65206478778137,-20.810140559585843
-40.45007827168325,-51.84753474999048,-20.810140559768488
-40.12062959231469,-52.02595752360674,-20.81014056001743
-39.76378344680948,-52.186456746847725,-20.810140560341228
-39.380226803788915,-52.328122122862894,-20.8101405607473
-38.970680916103696,-52.45001152942539,-20.810140561241365
-38.53590000321553,-52.55115339829284,-20.81014056182688
-38.076669869954664,-52.63054935186203,-20.810140562504497
-37.59380647871549,-52.68717707914561,-20.8101405632716
-37.08815449383904,-52.719993428252714,-20.81014056412193
-36.560585817773635,-52.72793768863805,-20.810140565045295
-36.011998138534004,-52.70993503352866,-20.810140566027453
-35.44331350696633,-52.664900091214626,-20.81014056705012
-34.85547696038912,-52.591740613319104,-20.810140568091143
-34.24945520637483,-52.489361208702505,-20.810140569124805
-33.626235376855526,-52.35666711322048,-20.810140570122297
-32.986823858498724,-52.192567968020185,-20.810140571052308
-32.33224520054403,-51.9959815822747,-20.810140571881746
-31.663541096163094,-51.76583766006065,-20.810140572576508
-30.981769428051216,-51.50108147531862,-20.810140573102423
-30.28800336351433,-51.20067748335636,-20.81014057342618
-29.583330478899786,-50.86361286203812,-20.81014057351632
-28.86885188793273,-50.48890098056248,-20.810140573344313
-28.14568134343679,-50.07558479851167,-20.810140572885583
-27.414944277087912,-49.62274020264415,-20.81014057212065
-26.677776737300157,-49.129479293721154,-20.810140571036182
-25.93532418107725,-48.59495364056286,-20.81014056962614
-25.18874007167172,-48.018357523603704,-20.810140567892788
-24.43918423015256,-47.39893119555985,-20.810140565847824
-23.68782088546515,-46.735964192545204,-20.81014056351331
-22.93581636425246,-46.02879873517848,-20.810140560922598
-22.184336358587245,-45.276833265996856,-20.810140558121066
-21.434542706862842,-44.479526176874984,-20.810140555166686
-20.687589620471464,-43.63639978812117,-20.810140552130285
-19.94461928669305,-42.747044649373926,-20.810140549095415
-19.206756776644436,-41.81112424111265,-20.810140546157747
-18.47510418653417,-40.828380164118094,-20.81014054342382
-17.75073394132364,-39.79863791194489,-20.810140541008938
-17.03468119289384,-38.72181332749553,-20.810140539034172
-16.327935250877335,-37.597919847874444,-20.81014053762215
-15.631429994630015,-36.427076640212825,-20.810140536891645
-14.946033230883236,-35.20951772300859,-20.810140536950758
-14.272534985239695,-33.945602150170146,-20.81014053788892
-13.611634748931934,-32.63582530540875,-20.81014053976779
-12.963927747392573,-31.28083130959798,-20.810140542611695
-12.32989035638891,-29.881426479863226,-20.810140546398475
-11.709864866562512,-28.43859369350888,-20.810140551051987
-11.104043889097978,-26.95350740050868,-20.810140556437936
-10.512454803239468,-25.427548895208098,-20.810140562364946
-9.934944767346611,-23.862321304247416,-20.810140568592733
-9.371166942632744,-22.259663581003302,-20.810140574848603
-8.820568701983117,-20.621662630062183,-20.810140580852508
-8.282382700055924,-18.950662537530857,-20.810140586348588
-7.755621745770308,-17.249269779312193,-20.810140591139238
-7.239078422188979,-15.520353248684616,-20.810140595114987
-6.731330320000012,-13.76703801554189,-20.810140598272596
-6.230751572430527,-11.992691925668431,-20.810140600713968
-5.735531094815005,-10.200904479879817,-20.810140602621974
-5.243697549789622,-8.395457890651654,-20.810140604214823
-4.753150606205411,-6.580290765031034,-20.81014060568708
-4.261697581316304,-4.759455450715801,-20.810140607151293
-3.7670941093902366,-2.9370706337583616,-20.810140608595855
-3.2670871266657344,-1.1172712133426665,-20.810140609871738
-2.7594582547762823,0.695842265443704,-20.810140610713432
-2.2420656343892857,2.498252306839105,-20.81014061078949
-1.7128824122286324,4.286069168118028,-20.810140609770116
-1.170030393636406,6.055569842555165,-20.81014060739518
-0.6118077922701285,7.80323011743826,-20.810140603527188
-0.03671047902525039,9.52574908617993,-20.81014059817927
0.556553405676932,11.220066059117196,-20.81014059151552
1.1690552076112977,12.883370303566782,-20.810140583827657
1.8016432992510527,14.513104410566271,-20.810140575496078
2.4549456108844416,16.106962318133473,-20.810140566944618
3.1293762484405954,17.6628831244338,-20.810140558597215
3.825145271490398,19.179041819217304,-20.81014055084212
4.54227074901971,20.6538379760684,-20.810140544006455
5.280592299577271,22.085883310545864,-20.810140538341486
6.03978543626498,23.473988846297015,-20.810140534017457
6.819376159556846,24.817152263416176,-20.810140531125715
7.618755360372588,26.114545845257954,-20.810140529686024
8.437192704720708,27.36550530047362,-20.810140529656756
9.273849765641437,28.56951962040495,-20.81014053094644
10.127792246856982,29.72622203890701,-20.810140533425333
10.99800120599749,30.835382090694615,-20.810140536936238
11.883383235095218,31.89689871266026,-20.810140541304293
12.782779594303806,32.910794296998766,-20.81014054634531
13.694974323694451,33.877209582056615,-20.810140551872834
14.618701379564824,34.79639925352737,-20.810140557703992
15.552650857761755,35.66872812229051,-20.810140563664245
16.495474378531974,36.49466774368238,-20.810140569591212
17.44578971650531,37.274793344635434,-20.810140575337762
18.402184766391535,38.00978092873021,-20.810140580774437
19.363220940356403,38.700404433996084,-20.810140585791352
20.327436097104908,39.34753282385665,-20.81014059029966
21.293347105501226,39.952126997832394,-20.810140594232482
22.25945214698565,40.515236415622404,-20.810140597545455
23.224232860873126,41.03799533630867,-20.810140600216776
24.186156434515716,41.521618584102995,-20.810140602246676
25.143677735927795,41.96739676378152,-20.8101406036563
26.0952415794694,42.37669086319678,-20.81014060448595
27.0392852052944,42.750926197390164,-20.81014060479267
27.97424104035808,43.0915856690365,-20.810140604647074
28.89853979288717,43.40020234316736,-20.81014060412972
29.81061391361453,43.678351359959336,-20.810140603326946
30.708901436291956,43.9276412371041,-20.810140602326484
31.591850187797448,44.14970464181875,-20.810140601213103
32.45792233555935,44.34618874051867,-20.810140600064543
33.305599218214624,44.51874525994939,-20.810140598948028
34.133386385678655,44.66902041545459,-20.810140597917652
34.939818758384256,44.79864487840141,-20.81014059701277
35.72346580346093,44.90922396418375,-20.810140596257543
36.48293661892716,45.00232822366802,-20.810140595661565
37.216884816056975,45.07948461395068,-20.810140595221515
37.92401309503765,45.14216840898265,-20.81014059492351
38.60307741950446,45.19179598772267,-20.810140594745995
39.252890710763346,45.22971860830608,-20.81014059466278
39.87232600140958,45.25721724299336,-20.810140594645965
40.4603190093198,45.27549851240287,-20.810140594668542
41.01587011524709,45.285691720823266,-20.810140594706414
41.5380457491344,45.2888469592333,-20.810140594739877
42.0259792105824,45.28593421075338,-20.810140594754404
42.4788709667017,45.27784336596413,-20.810140594740922
42.89598848516745,45.2653850337558,-20.810140594695547
43.27666567129781,45.249292017573474,-20.81014059461903
43.62030198529567,45.23022131712971,-20.81014059451589
43.926361319563966,45.20875651155519,-20.810140594393513
44.194370716546715,45.185410380975384,-20.810140594261192
44.42391900529764,45.160627628898496,-20.81014059412919
44.61465543043149,45.13478757676754,-20.810140594007986
44.7662883407703,45.10820671376214,-20.81014059390753
44.87858399732485,45.08114099869369,-20.81014059383675
44.9513655516542,45.05378782598927,-20.810140593803094
44.984512236448786,45.026287583797725,-20.810140593812218
44.97795880062882,44.998724748805856,-20.810140593867803
44.9316952115045,44.97112847917171,-20.810140593971425
44.845766636707886,44.94347268392337,-20.81014059412248
44.720273708728286,44.91567556416547,-20.810140594318284
44.55537306498486,44.887598638460766,-20.810140594554134
44.351278146466775,44.85904528179732,-20.810140594823558
44.10826022809158,44.8297588245766,-20.81014059511862
43.82664964414388,44.79942027496842,-20.81014059543035
43.50683716258061,44.76764574458863,-20.810140595749317
43.14927545282311,44.733983673465275,-20.810140596066315
42.754480583174214,44.69791196523567,-20.81014059637319
42.323033476564355,44.6588351568924,-20.81014059666376
41.85558124738017,44.61608175847592,-20.810140596934744
41.352838338157675,44.56890190610182,-20.810140597186695
40.81558737344829,44.51646547577033,-20.810140597424763
40.24467964968775,44.45786080470839,-20.810140597659174
39.64103518483465,44.3920941608208,-20.810140597905374
39.0056422601764,44.31809008865533,-20.810140598183587
38.33955639909973,44.23469274189474,-20.810140598517805
37.64389874360624,44.14066828794085,-20.810140598934158
36.919853808438916,44.034708440263216,-20.81014059945859
36.16866661408644,43.91543513992967,-20.81014060011416
35.391639222579684,43.78140637064332,-20.810140600917922
34.59012672260056,43.63112305356632,-20.810140601877897
33.76553273157664,43.46303693132407,-20.810140602990256
32.91930450072261,43.275559317015464,-20.81014060423712
32.052927723131695,43.067070555817494,-20.8101406055853
31.167921153999142,42.8359300255414,-20.81014060698609
30.26583115521959,42.58048648944894,-20.81014060837628
29.348226273720332,42.29908861034235,-20.810140609680346
28.416691954197027,41.99009543932897,-20.810140610813722
27.472825473048815,41.651886705048916,-20.810140611686855
26.518231162246718,41.28287274835234,-20.810140612209782
25.55451597082273,40.88150397186713,-20.8101406122969
24.583285388954042,40.44627970186878,-20.810140611871642
23.606139736538076,39.97575638959541,-20.81014061087071
22.624670795886555,39.46855510903053,-20.81014060924779
21.640458747685138,38.923368336848434,-20.810140606976425
20.655069351394197,38.33896602666247,-20.810140604052204
19.67005129626497,37.71420101327364,-20.81014060049408
18.686933637322365,37.04801380297085,-20.810140596344937
17.70722322201366,36.33943682307124,-20.810140591671505
16.732402007570077,35.58759821802177,-20.810140586563577
15.763924166198336,34.79172529087694,-20.8101405811327
14.803212874689182,33.95114769824556,-20.810140575510317
13.851656686589962,33.06530051426749,-20.81014056984536
12.910605388496796,32.13372728514328,-20.810140564301314
11.98136524715346,31.156083200330045,-20.81014055905267
11.065193560935558,30.132138509633727,-20.810140554280608
10.163292438188638,29.06178231667586,-20.810140550168
9.276801736254122,27.94502687784954,-20.81014054689336
8.406791109600457,26.782012530772953,-20.81014054462394
7.554251134306243,25.573013365848226,-20.810140543507686
6.720083500526363,24.31844373686369,-20.810140543664385
5.905090296066954,23.018865679278317,-20.810140545175994
5.1099624445158005,21.67499726525423,-20.810140548076845
4.335267412235777,20.2877218699318,-20.810140552344325
3.5814363613826083,18.858098251399664,-20.810140557891224
2.848751001760643,17.387371255581066,-20.810140564561127
2.1373304824221053,15.876982846564005,-20.810140572128603
1.4471187622811128,14.328583034780962,-20.810140580305784
0.7778730029785228,12.74404013520786,-20.810140588756887
0.12915362896641153,11.125449644916563,-20.810140597121034
-0.4996832120959509,9.475140898210798,-20.810140605042626
-1.1094899958207138,7.795680557295565,-20.81014061220641
-1.7013281675592546,6.089871949707567,-20.810140618372337
-2.276463731238081,4.360749294395945,-20.810140623403846
-2.836357450516633,2.611565987244512,-20.810140627282532
-3.382649246379689,0.8457763565988154,-20.81014063010382
-3.9171366734721142,-0.9329893511072515,-20.810140632051784
-4.441747723223963,-2.720956555389447,-20.81014063335614
-4.958508603842333,-4.5142438029550505,-20.810140634239982
-5.46950754205638,-6.3089049242453585,-20.810140634870066
-5.976855989452387,-8.100974280115675,-20.810140635321982
-6.4826488503732,-9.886513196903184,-20.81014063556882
-6.988925443929969,-11.661655563353294,-20.810140635495667
-7.497632854749221,-13.422650629656543,-20.81014063493523
-8.010593123966919,-15.165901296997946,-20.81014063371443
-8.529475413413362,-16.88799657772814,-20.810140631699937
-9.055773886530314,-18.585737384596484,-20.810140628832336
-9.590791639590655,-20.256155308435243,-20.810140625142846
-10.135630632803778,-21.896524508337013,-20.810140620751657
-10.691187248553373,-23.504367222155977,-20.8101406158513
-11.258152864414475,-25.077453682522297,-20.810140610680712
-11.837018678109882,-26.61379738791575,-20.810140605496297
-12.428083954443315,-28.11164673858285,-20.810140600545225
-13.031466866624081,-29.569474022205075,-20.810140596044317
-13.64711715849821,-30.985962647842776,-20.810140592166086
-14.274829941854449,-32.35999340245013,-20.81014058903191
-14.914260048039605,-33.69063036281978,-20.810140586711263
-15.564936462773483,-34.97710695322424,-20.81014058522542
-16.226276478153,-36.21881250638515,-20.810140584554176
-16.897599290638503,-37.4152795693423,-20.810140584643978
-17.578138855382235,-38.56617209931173,-20.810140585416477
-18.2670558747269,-39.67127461808384,-20.81014058677662
-18.963448852602987,-40.73048233557281,-20.810140588619948
-19.666364188241477,-41.74379221148029,-20.810140590838657
-20.374805313839094,-42.71129489597618,-20.810140593326537
-21.087740903403844,-43.63316747309717,-20.810140595982745
-21.804112195711074,-44.50966692170546,-20.81014059871453
-22.522839484659258,-45.341124206145714,-20.810140601439063
-23.242827836634117,-46.12793891037097,-20.81014060408456
-23.962972097827652,-46.870574333828415,-20.81014060659073
-24.682161255647557,-47.56955297368332,-20.81014060890885
-25.399282218024734,-48.225452325184975,-20.810140611001408
-26.113223073051106,-48.83890093954757,-20.81014061284152
-26.822875889290852,-49.41057468623053,-20.81014061441214
-27.527139114537274,-49.94119317370286,-20.810140615705176
-28.224919627887157,-50.43151628952373,-20.810140616720485
-28.915134496869406,-50.88234082680784,-20.810140617464874
-29.59671248805032,-51.29449716986678,-20.810140617951056
-30.26859537607198,-51.66884601706206,-20.810140618196634
-30.929739092475323,-52.00627512372645,-20.810140618223077
-31.579114751922173,-52.307696052472465,-20.81014061805479
-32.21570958956511,-52.57404092237014,-20.810140617718172
-32.83852783933183,-52.80625915239329,-20.81014061724078
-33.44659157880996,-53.00531419823971,-20.810140616650493
-34.0389415622684,-53.172180285143156,-20.81014061597481
-34.61463805917527,-53.307839142609836,-20.810140615240208
-35.17276171142278,-53.41327675010492,-20.81014061447153
-35.71241441841254,-53.48948010554149,-20.81014061369154
-36.23272025526436,-53.53743403092567,-20.81014061292055
-36.732826425766795,-53.55811803161852,-20.810140612176113
-37.2119042483713,-53.552503227310915,-20.810140611472864
-37.66915017062094,-53.52154937390069,-20.81014061082244
-38.10378680497065,-53.466201995946626,-20.810140610233503
-38.51506397705602,-53.38738964920414,-20.810140609711873
-38.90225977614314,-53.286021331895284,-20.810140609260696
-39.264681596761655,-53.16298406183259,-20.810140608880737
-39.60166716038547,-53.019140634330256,-20.810140608570677
-39.9125855064525,-52.8553275730583,-20.81014060832748
-40.19683794295726,-52.67235328271298,-20.810140608146757
-40.453858948237304,-52.470996408705055,-20.81014060802316
-40.683117017318274,-52.25200440513818,-20.8101406079507
-40.88411544818187,-52.01609230831265,-20.81014060792311
-41.056393065469464,-51.763941708994366,-20.810140607934134
-41.19952488132031,-51.496199912889,-20.810140607977743
-41.31312269516286,-51.2134792752958,-20.81014060804839
-41.3968356362325,-50.91635669291227,-20.810140608141097
-41.4503506542942,-50.6053732333231,-20.810140608251587
-41.473392965435764,-50.28103388091718,-20.81014060837633
-41.46572646081298,-49.943807376888465,-20.810140608512565
-41.42715408683879,-49.59412613062095,-20.810140608658234
-41.35751820549712,-49.232386180137176,-20.810140608812006
-41.256700943227216,-48.85894718038701,-20.810140608973157
-41.124624536180185,-48.47413239992956,-20.810140609141506
-40.961251678620734,-48.07822870896173,-20.810140609317315
-40.76658587987039,-47.671486544605784,-20.810140609501214
-40.54067183350586,-47.25411984280561,-20.810140609694077
-40.28359580058756,-46.826305930015145,-20.810140609896955
-39.99548600655134,-46.388185371999754,-20.810140610110974
-39.67651304910692,-45.93986178141998,-20.81014061033726
-39.32689031210851,-45.48140159032888,-20.81014061057685
-38.946874377954515,-45.01283379818945,-20.810140610830626
-38.53676542869644,-44.534149710405615,-20.81014061109925
-38.096907623751434,-44.04530268655406,-20.810140611383094
-37.627689439982056,-43.54620792139924,-20.81014061168218
-37.12954395799031,-43.03674228526244,-20.810140611996133
-36.6029490768329,-42.51674425329128,-20.81014061232409
-36.048427638058186,-41.98601395553371,-20.81014061266466
-35.46654743904759,-41.444313381361134,-20.81014061301587
-34.85792111516358,-40.8913667726182,-20.810140613375076
-34.2232058702027,-40.3268612398251,-20.810140613738884
-33.56310303515542,-39.750447634762786,-20.810140614103098
-32.8783574362993,-39.161741710797195,-20.810140614462654
-32.169756555198035,-38.5603255993372,-20.810140614811502
-31.43812946522681,-37.94574962689877,-20.810140615142615
-30.68434553175449,-37.31753449242473,-20.810140615447917
-29.909312866027857,-36.67517381888347,-20.810140615718293
-29.11397652604219,-36.01813708687616,-20.81014061594363
-28.29931646115288,-35.34587295118691,-20.810140616112903
-27.466345200775116,-34.65781293411265,-20.810140616214348
-26.616105291117808,-33.95337548222357,-20.810140616235724
-25.749666487385724,-33.23197036616172,-20.81014061616461
-24.868122712148004,-32.49300339641019,-20.81014061598885
-23.97258879351121,-31.735881421875906,-20.810140615697048
-23.064196999269615,-30.96001757281615,-20.810140615279117
-22.144093385277777,-30.16483670525984,-20.810140614726976
-21.21343397787324,-29.349781000742485,-20.810140614035113
-20.27338081127515,-28.51431567295015,-20.810140613201312
-19.325097841534184,-27.657934731761923,-20.810140612227237
-18.369746758879007,-26.780166755144098,-20.810140611118925
-17.408482720288823,-25.880580620284956,-20.810140609887224
-16.442450023938132,-24.958791147120788,-20.810140608547982
-15.472777746939851,-24.014464609808744,-20.810140607122083
-14.500575367695525,-23.047324074538597,-20.810140605635212
-13.526928394284155,-22.057154525115664,-20.81014060411742
-12.55289402081096,-21.043807740757998,-20.810140602602424
-11.579496834604011,-20.007206893307576,-20.81014060112661
-10.607724598672172,-18.947350833352083,-20.810140599727895
-9.638524135971522,-17.864318036417103,-20.810140598444413
-8.67279734477847,-16.75827018128635,-20.810140597312984
-7.711397377798778,-15.629455332561685,-20.810140596367646
-6.7551250214652665,-14.4782106987682,-20.81014059563811
-5.804725316050445,-13.304964935697521,-20.81014059514836
-4.860884461544897,-12.110239962396257,-20.81014059491541
-3.9242270584716934,-10.894652254460228,-20.81014059494833
-2.9953137366109717,-9.658913576385766,-20.810140595247592
-2.0746392276384666,-8.403831112033274,-20.810140595804775
-1.1626309395412855,-7.13030695022131,-20.81014059660275
-0.25964809094742697,-5.839336881590269,-20.810140597616233
0.6340185382212898,-4.532008463677413,-20.810140598812772
1.5181461874717814,-3.209498314145406,-20.81014060015415
2.392578982341325,-1.8730685977672603,-20.810140601597976
3.2572260510910063,-0.5240626814518842,-20.81014060309962
4.112058868379653,0.8361000564995498,-20.810140604614094
4.957107818329707,2.2059302615871452,-20.810140606098006
5.792457987436446,3.5838754633332477,-20.810140607511272
6.61824421777636,4.968327720551437,-20.810140608818635
7.434645472169621,6.357631989466571,-20.81014060999081
8.241878584387562,7.75009512964906,-20.810140611005295
9.040191488075834,9.143995440489656,-20.81014061184674
9.829856036633648,10.537592600633666,-20.810140612506963
10.611160541724994,11.929137865734251,-20.810140612984704
11.384402169401884,13.316884367266622,-20.810140613285007
12.149879339214982,14.699097347919967,-20.81014061341851
12.907884272692586,16.07406416786508,-20.810140613400556
13.65869583305084,17.440103921191675,-20.810140613250237
14.40257278818502,18.795576512800643,-20.810140612989446
15.139747614456525,20.13889106239437,-20.81014061264188
15.870420940394917,21.468513522956872,-20.81014061223214
16.594756708251058,22.7829734250275,-20.81014061178477
17.312878108551708,24.08086968378331,-20.810140611323504
18.02486431961641,25.36087543207499,-20.81014061087044
18.730748061523908,26.621741867824756,-20.810140610445416
19.430513953221897,27.86230112749141,-20.810140610065442
20.124097643118198,29.08146821778586,-20.810140609744295
20.81138566809591,30.278242054904727,-20.810140609492244
21.492215983745833,31.451705673945124,-20.810140609315926
22.166379099772335,32.60102568083055,-20.810140609218397
22.833619748883446,33.725451025190395,-20.810140609199316
23.49363901475624,34.82431117553121,-20.810140609255242
24.146096844507063,35.89701377816392,-20.810140609380074
24.790614873067465,36.94304187921025,-20.81014060956553
25.426779490524783,37.961950785122056,-20.810140609801678
26.054145088394595,38.953364632003776,-20.8101406100775
26.672237426547014,39.91697272807856,-20.810140610381403
27.28055706875371,40.85252572726916,-20.810140610701747
27.878582841256435,41.75983168539009,-20.810140611027276
28.465775275137933,42.638752044113936,-20.810140611347492
29.041579999415397,43.489197581860275,-20.81014061165296
29.60543105754005,44.31112436518125,-20.810140611935516
30.156754125283545,45.104529729153434,-20.810140612188416
30.69496961277079,45.869448310761605,-20.810140612406407
31.21949563765748,46.60594815527616,-20.810140612585737
31.72975086015173,47.314126912159274,-20.81014061272411
32.225157173761694,47.99410813404819,-20.810140612820565
32.7051422483474,48.64603768981086,-20.810140612875397
33.16914192430399,49.270080300499735,-20.810140612889974
33.61660245854949,49.866416205193524,-20.810140612866572
34.04698262447745,50.435237962166234,-20.810140612808237
34.459755669208135,50.97674738951423,-20.810140612718584
34.854411132373066,51.49115264826755,-20.81014061260165
35.230456531335996,51.97866547007724,-20.81014061246176
35.587418918224145,52.43949853078022,-20.81014061230336
35.92484631444733,52.87386297047473,-20.810140612130954
36.2423090285481,53.28196606017545,-20.810140611948952
36.539400863275354,53.66400901464592,-20.810140611761618
36.81574021772767,54.02018495061727,-20.810140611573008
37.07097109028735,54.350676989289276,-20.810140611386927
37.3047639878753,54.655656501769286,-20.810140611206883
37.5168167468119,54.935281495931804,-20.810140611036093
37.70685527027925,55.18969514307481,-20.810140610877436
37.874634187052315,55.419024442706316,-20.8101406107335
38.01993743580796,55.62337902381228,-20.810140610606574
38.14257877893524,55.80285008103357,-20.81014061049863
38.24240224936297,55.95750944430978,-20.810140610411377
38.319282533494864,56.08740878072737,-20.810140610346245
38.37312529290106,56.19257892753297,-20.810140610304426
38.40386742696177,56.27302935553223,-20.81014061028686
38.41147727819545,56.32874776238401,-20.810140610294233
38.39595478153376,56.35969979560901,-20.810140610327014
38.35733155832983,56.36582890545368,-20.810140610385414
38.295670955408085,56.34705632807445,-20.81014061046941
38.21106802898334,56.30328119982562,-20.810140610578685
38.103649472796434,56.2343808037376,-20.810140610712658
37.9735734893331,56.140210949553,-20.810140610870427
37.821029602513185,56.02060648893921,-20.81014061105075
37.64623840975798,55.875381967712315,-20.810140611252013
37.44945127086377,55.70433241708355,-20.810140611472196
37.230949930628924,55.507234286074194,-20.810140611708864
36.991046071697994,55.28384651733656,-20.8101406119591
36.73008079359848,55.03391176866866,-20.81014061221953
36.44842401345207,54.7571577825205,-20.810140612486297
36.14647378334107,54.45329890576586,-20.810140612755045
35.824655518802835,54.12203776195863,-20.810140613020973
35.483421132408786,53.7630670782159,-20.810140613278847
35.123248065864594,53.376071668775566,-20.810140613523068
34.744638213546224,52.96073057717261,-20.810140613747755
34.34811672987018,52.51671937887033,-20.810140613946867
33.93423071239613,52.043712646075186,-20.81014061411432
33.50354775208807,51.54138657635767,-20.81014061424418
33.056654341736646,51.0094217865947,-20.810140614330827
32.594154133192646,50.44750627363442,-20.810140614369207
32.11666603381082,49.85533854294741,-20.810140614355046
31.624822132390673,49.23263090634941,-20.810140614285125
31.119265444971678,48.57911294962701,-20.81014061415753
30.600647471148356,47.89453517053016,-20.81014061397191
30.06962555217665,47.178672787057444,-20.810140613729754
29.526860023120886,46.43132971518619,-20.810140613434548
28.973011152719685,45.6523427141059,-20.810140613092003
28.408735866620546,44.84158569550257,-20.810140612710114
27.8346842522436,43.99897419140084,-20.81014061229924
27.25149584688839,43.12446997237378,-20.810140611871983
26.659795714897488,42.218085804440264,-20.810140611443064
26.060190324838796,41.27989032854554,-20.810140611028956
25.453263243853087,40.31001304102438,-20.810140610647522
24.839570673603863,39.308649346753405,-20.81014061031741
24.219636860696685,38.27606564871736,-20.81014061005738
23.593949423990217,37.212604428398535,-20.81014060988555
22.962954651818183,36.11868926077585,-20.810140609818532
22.327052833610125,34.99482969591898,-20.810140609870547
21.686593702460453,33.8416259264332,-20.810140610052596
21.041872077442964,32.65977314676149,-20.81014061037166
20.39312380635386,31.450065497161592,-20.810140610830057
19.740522120392228,30.213399472820136,-20.810140611424966
19.084174521214887,28.95077666799909,-20.810140612148214
18.424120326875517,27.663305717451273,-20.810140612986224
17.76032900534917,26.35220329381949,-20.81014061392028
17.09269942162488,25.018794021603046,-20.810140614926933
16.42106011578917,23.664509176702342,-20.81014061597865
15.745170714399741,22.29088405647381,-20.810140617044453
15.064724555375406,20.89955392919321,-20.810140618090703
14.379352577677205,19.49224850384479,-20.8101406190818
13.688628491853324,18.070784900569755,-20.810140619980913
12.992075207303957,16.63705914752217,-20.81014062075073
12.289172448728314,15.193036279163618,-20.810140621354208
11.579365449995707,13.740739161415943,-20.810140621755572
10.862074571335896,12.282236217390901,-20.810140621921484
10.136705648085908,10.819628270289229,-20.810140621822555
9.402660848916348,9.355034754369072,-20.81014062143509
8.659349800700047,7.890579568032399,-20.810140620743113
7.906200727498743,6.428376853325889,-20.810140619740395
7.1426713531816715,4.970516982819814,-20.810140618432236
6.3682593306675175,3.5190530183772686,-20.81014061683694
5.582511984516043,2.07598787829895,-20.810140614986462
4.785035185656429,0.6432624121538001,-20.81014061292627
3.9755012149739395,-0.7772554606959865,-20.81014061071417
3.15365551358311,-2.183780439025623,-20.81014060841823
2.319322259217116,-3.574618290121027,-20.810140606113865
1.4724087478461303,-4.948173041303363,-20.810140603880242
0.6129085954317962,-6.302952928721931,-20.810140601796487
-0.2590961947930634,-7.637575150140091,-20.810140599937718
-1.1434342298069007,-8.950769491487813,-20.810140598371454
-2.039844701469034,-10.241380912356554,-20.81014059715446
-2.9479782392378775,-11.50837118383375,-20.810140596330296
-3.867398536014315,-12.750819673990474,-20.8101405959277
-4.7975846414152095,-13.967923373078461,-20.810140595959744
-5.7379338201223264,-15.158996243311893,-20.810140596423935
-6.687764879457125,-16.323467968256555,-20.810140597302947
-7.646321879080813,-17.460882165492762,-20.81014059856608
-8.612778145864946,-18.570894114386594,-20.81014060017122
-9.586240527777713,-19.653268039354476,-20.81014060206717
-10.565753831458736,-20.707873978617645,-20.810140604196228
-11.550305398502779,-21.73468425961968,-20.810140606496798
-12.538829784944832,-22.733769595367082,-20.81014060890603
-13.530213516742359,-23.70529481115335,-20.81014061136225
-14.523299900983769,-24.64951420852269,-20.810140613807192
-15.516893877994795,-25.566766572897286,-20.8101406161878
-16.509766903418694,-26.457469832919195,-20.81014061845778
-17.500661851729635,-27.322115383053035,-20.81014062057858
-18.488297933578764,-28.161262086100088,-20.810140622520052
-19.471375619002103,-28.975529978668778,-20.81014062426062
-20.448581557021438,-29.765593709961525,-20.810140625787085
-21.418593479770053,-30.532175752063473,-20.810140627094082
-22.38008507623711,-31.276039427816887,-20.81014062818323
-23.33173081733511,-31.99798180988678,-20.81014062906212
-24.27221071055401,-32.698826551326114,-20.8101406297431
-25.200214959270824,-33.379416713418,-20.810140630242127
-26.114448499113973,-34.04060766044439,-20.810140630577532
-27.01363538188126,-34.68326009301152,-20.81014063076894
-27.896522976574634,-35.30823329145234,-20.81014063083631
-28.761885957277105,-35.916378638523966,-20.810140630799143
-29.60853004892182,-36.508533486142596,-20.810140630675896
-30.43529550448133,-37.08551542437317,-20.810140630483545
-31.241060290658133,-37.64811700255183,-20.810140630237377
-32.0247429636424,-38.19710094258791,-20.810140629950862
-32.78530522172539,-38.73319587356236,-20.810140629635676
-33.52175412728608,-39.257092605148834,-20.810140629301827
-34.23314399665317,-39.76944094558622,-20.81014062895778
-34.918577962328996,-40.27084705837222,-20.810140628610657
-35.57720921780695,-40.76187134093729,-20.8101406282664
-36.20824196050176,-41.2430267986528,-20.81014062792992
-36.810932052965,-41.71477787891552,-20.81014062760528
-37.3845874264401,-42.17753972294269,-20.81014062729575
-37.92856825382922,-42.631677787441426,-20.81014062700393
-38.442286921253455,-43.077507784539364,-20.81014062673178
-38.92520782858035,-43.515295886269115,-20.810140626480674
-39.37684704959752,-43.94525913941818,-20.810140626251428
-39.79677188198523,-44.36756603757435,-20.810140626044312
-40.18460031596067,-44.782337199566534,-20.810140625859063
-40.54000044852536,-45.18964610705467,-20.810140625694945
-40.86268986774114,-45.58951985857983,-20.81014062555076
-41.15243502849524,-45.9819399027663,-20.810140625424893
-41.40905063788873,-46.366842719392764,-20.810140625315388
-41.63239906479686,-46.74412042354902,-20.81014062522005
-41.82238978439728,-47.11362127490686,-20.810140625136494
-41.97897886463461,-47.475150081105575,-20.810140625062303
-42.10216849777447,-47.82846849123847,-20.81014062499514
-42.19200657648314,-48.17329518228781,-20.810140624932917
-42.248586310333955,-48.50930594795372,-20.81014062487394
-42.27204587537369,-48.83613370552348,-20.81014062481711
-42.262568086464725,-49.153368442095086,-20.810140624762056
-42.22038007963523,-49.460557126468714,-20.810140624709362
-42.14575298970084,-49.7572036172193,-20.810140624660683
-42.039001607041314,-50.04276860073604,-20.810140624618903
-41.90048399669032,-50.31666959524568,-20.8101406245882
-41.73060106287732,-50.578281057928514,-20.81014062457412
-41.52979604287701,-50.82693463211811,-20.81014062458351
-41.29855391548206,-51.061919570210925,-20.81014062462443
-41.03740071159319,-51.28248336530535,-20.810140624705934
-40.746902717260795,-51.487832620793355,-20.81014062483778
